CustomerID,Churn,Friction_Cluster,Friction_Segment,Explorer_Cluster,Explorer_Segment,Timing_Cluster,Timing_Segment
17850,1,2,Serial-Canceller,0,Focused-Buyer,0,Weekday-Shopper
13047,0,2,Serial-Canceller,0,Focused-Buyer,0,Weekday-Shopper
12583,0,1,Low-Support,0,Focused-Buyer,0,Weekday-Shopper
13748,1,1,Low-Support,0,Focused-Buyer,0,Weekday-Shopper
15100,1,3,High-Returner,0,Focused-Buyer,0,Weekday-Shopper
15291,0,1,Low-Support,0,Focused-Buyer,0,Weekday-Shopper
14688,0,2,Serial-Canceller,1,Broad-Explorer,0,Weekday-Shopper
17809,0,1,Low-Support,0,Focused-Buyer,0,Weekday-Shopper
15311,0,2,Serial-Canceller,1,Broad-Explorer,0,Weekday-Shopper
14527,0,2,Serial-Canceller,1,Broad-Explorer,0,Weekday-Shopper
16098,0,0,High-Support,0,Focused-Buyer,0,Weekday-Shopper
18074,1,1,Low-Support,0,Focused-Buyer,0,Weekday-Shopper
17420,0,1,Low-Support,0,Focused-Buyer,0,Weekday-Shopper
16029,0,2,Serial-Canceller,0,Focused-Buyer,0,Weekday-Shopper
16250,1,1,Low-Support,0,Focused-Buyer,0,Weekday-Shopper
12431,0,1,Low-Support,1,Broad-Explorer,0,Weekday-Shopper
17511,0,2,Serial-Canceller,1,Broad-Explorer,0,Weekday-Shopper
17548,1,3,High-Returner,0,Focused-Buyer,0,Weekday-Shopper
13705,0,1,Low-Support,0,Focused-Buyer,0,Weekday-Shopper
13747,1,1,Low-Support,0,Focused-Buyer,0,Weekday-Shopper
13408,0,2,Serial-Canceller,1,Broad-Explorer,0,Weekday-Shopper
13767,0,2,Serial-Canceller,0,Focused-Buyer,0,Weekday-Shopper
17924,0,3,High-Returner,0,Focused-Buyer,0,Weekday-Shopper
13448,0,0,High-Support,1,Broad-Explorer,0,Weekday-Shopper
15862,0,1,Low-Support,1,Broad-Explorer,0,Weekday-Shopper
15513,0,0,High-Support,1,Broad-Explorer,0,Weekday-Shopper
12791,1,0,High-Support,0,Focused-Buyer,0,Weekday-Shopper
16218,0,0,High-Support,0,Focused-Buyer,0,Weekday-Shopper
14045,1,1,Low-Support,0,Focused-Buyer,0,Weekday-Shopper
14307,0,0,High-Support,1,Broad-Explorer,0,Weekday-Shopper
17908,1,1,Low-Support,0,Focused-Buyer,0,Weekday-Shopper
17920,0,0,High-Support,1,Broad-Explorer,0,Weekday-Shopper
12838,0,1,Low-Support,1,Broad-Explorer,1,Weekend-Shopper
13255,0,1,Low-Support,0,Focused-Buyer,0,Weekday-Shopper
16583,1,1,Low-Support,0,Focused-Buyer,0,Weekday-Shopper
18085,1,1,Low-Support,0,Focused-Buyer,0,Weekday-Shopper
13758,0,0,High-Support,0,Focused-Buyer,1,Weekend-Shopper
13694,0,2,Serial-Canceller,1,Broad-Explorer,0,Weekday-Shopper
15983,0,0,High-Support,0,Focused-Buyer,0,Weekday-Shopper
14849,0,1,Low-Support,1,Broad-Explorer,0,Weekday-Shopper
17968,1,1,Low-Support,1,Broad-Explorer,0,Weekday-Shopper
16210,0,1,Low-Support,0,Focused-Buyer,0,Weekday-Shopper
17897,1,1,Low-Support,1,Broad-Explorer,0,Weekday-Shopper
17377,0,0,High-Support,1,Broad-Explorer,0,Weekday-Shopper
16552,1,1,Low-Support,0,Focused-Buyer,0,Weekday-Shopper
17181,0,1,Low-Support,0,Focused-Buyer,0,Weekday-Shopper
17951,0,1,Low-Support,0,Focused-Buyer,0,Weekday-Shopper
14729,1,0,High-Support,1,Broad-Explorer,0,Weekday-Shopper
12748,0,2,Serial-Canceller,1,Broad-Explorer,0,Weekday-Shopper
15012,0,1,Low-Support,1,Broad-Explorer,0,Weekday-Shopper
12868,1,0,High-Support,0,Focused-Buyer,0,Weekday-Shopper
17572,0,1,Low-Support,0,Focused-Buyer,0,Weekday-Shopper
14078,1,1,Low-Support,0,Focused-Buyer,0,Weekday-Shopper
14001,0,1,Low-Support,0,Focused-Buyer,0,Weekday-Shopper
12662,0,1,Low-Support,1,Broad-Explorer,0,Weekday-Shopper
15525,0,1,Low-Support,1,Broad-Explorer,0,Weekday-Shopper
14237,1,0,High-Support,0,Focused-Buyer,0,Weekday-Shopper
17905,0,1,Low-Support,0,Focused-Buyer,0,Weekday-Shopper
15485,0,0,High-Support,0,Focused-Buyer,0,Weekday-Shopper
12433,0,0,High-Support,1,Broad-Explorer,0,Weekday-Shopper
16955,1,0,High-Support,0,Focused-Buyer,0,Weekday-Shopper
15350,1,1,Low-Support,0,Focused-Buyer,0,Weekday-Shopper
15605,0,1,Low-Support,0,Focused-Buyer,0,Weekday-Shopper
18144,0,0,High-Support,0,Focused-Buyer,0,Weekday-Shopper
15922,1,1,Low-Support,0,Focused-Buyer,0,Weekday-Shopper
14594,0,1,Low-Support,0,Focused-Buyer,0,Weekday-Shopper
15165,1,0,High-Support,0,Focused-Buyer,0,Weekday-Shopper
14911,0,2,Serial-Canceller,1,Broad-Explorer,0,Weekday-Shopper
16456,1,0,High-Support,0,Focused-Buyer,1,Weekend-Shopper
17841,0,2,Serial-Canceller,1,Broad-Explorer,0,Weekday-Shopper
12472,0,2,Serial-Canceller,1,Broad-Explorer,0,Weekday-Shopper
17346,0,1,Low-Support,1,Broad-Explorer,0,Weekday-Shopper
17643,1,1,Low-Support,0,Focused-Buyer,0,Weekday-Shopper
17873,0,1,Low-Support,0,Focused-Buyer,0,Weekday-Shopper
13093,1,2,Serial-Canceller,0,Focused-Buyer,0,Weekday-Shopper
12921,0,2,Serial-Canceller,1,Broad-Explorer,0,Weekday-Shopper
13468,0,1,Low-Support,1,Broad-Explorer,0,Weekday-Shopper
17760,0,1,Low-Support,0,Focused-Buyer,0,Weekday-Shopper
16928,0,1,Low-Support,0,Focused-Buyer,0,Weekday-Shopper
16048,0,1,Low-Support,0,Focused-Buyer,0,Weekday-Shopper
16274,1,1,Low-Support,1,Broad-Explorer,0,Weekday-Shopper
14496,1,1,Low-Support,0,Focused-Buyer,0,Weekday-Shopper
14696,0,1,Low-Support,1,Broad-Explorer,0,Weekday-Shopper
16539,0,0,High-Support,0,Focused-Buyer,0,Weekday-Shopper
17025,0,1,Low-Support,0,Focused-Buyer,0,Weekday-Shopper
13777,0,2,Serial-Canceller,0,Focused-Buyer,0,Weekday-Shopper
17690,0,1,Low-Support,1,Broad-Explorer,0,Weekday-Shopper
12947,1,1,Low-Support,0,Focused-Buyer,0,Weekday-Shopper
17460,0,3,High-Returner,0,Focused-Buyer,0,Weekday-Shopper
18229,0,1,Low-Support,0,Focused-Buyer,0,Weekday-Shopper
14142,1,1,Low-Support,0,Focused-Buyer,0,Weekday-Shopper
17069,0,2,Serial-Canceller,0,Focused-Buyer,0,Weekday-Shopper
13065,1,1,Low-Support,0,Focused-Buyer,0,Weekday-Shopper
14606,0,2,Serial-Canceller,1,Broad-Explorer,0,Weekday-Shopper
16835,1,1,Low-Support,0,Focused-Buyer,0,Weekday-Shopper
15235,1,0,High-Support,1,Broad-Explorer,0,Weekday-Shopper
13576,0,1,Low-Support,0,Focused-Buyer,0,Weekday-Shopper
18011,1,1,Low-Support,0,Focused-Buyer,0,Weekday-Shopper
13090,0,1,Low-Support,0,Focused-Buyer,0,Weekday-Shopper
15694,0,1,Low-Support,0,Focused-Buyer,0,Weekday-Shopper
14741,0,1,Low-Support,0,Focused-Buyer,0,Weekday-Shopper
13715,1,0,High-Support,0,Focused-Buyer,0,Weekday-Shopper
14092,0,0,High-Support,0,Focused-Buyer,0,Weekday-Shopper
17732,1,1,Low-Support,0,Focused-Buyer,0,Weekday-Shopper
12855,1,0,High-Support,0,Focused-Buyer,0,Weekday-Shopper
15752,0,1,Low-Support,1,Broad-Explorer,0,Weekday-Shopper
17855,1,0,High-Support,0,Focused-Buyer,0,Weekday-Shopper
14047,0,1,Low-Support,0,Focused-Buyer,0,Weekday-Shopper
17925,1,1,Low-Support,0,Focused-Buyer,0,Weekday-Shopper
13941,0,1,Low-Support,0,Focused-Buyer,0,Weekday-Shopper
17017,0,2,Serial-Canceller,0,Focused-Buyer,0,Weekday-Shopper
14135,0,1,Low-Support,0,Focused-Buyer,0,Weekday-Shopper
13108,1,0,High-Support,0,Focused-Buyer,0,Weekday-Shopper
12471,0,2,Serial-Canceller,1,Broad-Explorer,0,Weekday-Shopper
15601,0,0,High-Support,1,Broad-Explorer,0,Weekday-Shopper
13418,0,1,Low-Support,1,Broad-Explorer,0,Weekday-Shopper
14766,0,1,Low-Support,0,Focused-Buyer,0,Weekday-Shopper
15658,1,1,Low-Support,0,Focused-Buyer,0,Weekday-Shopper
14388,0,0,High-Support,1,Broad-Explorer,0,Weekday-Shopper
14901,0,1,Low-Support,0,Focused-Buyer,0,Weekday-Shopper
18041,0,1,Low-Support,1,Broad-Explorer,0,Weekday-Shopper
15955,0,1,Low-Support,1,Broad-Explorer,0,Weekday-Shopper
15070,1,1,Low-Support,0,Focused-Buyer,0,Weekday-Shopper
16244,1,1,Low-Support,1,Broad-Explorer,0,Weekday-Shopper
15111,0,1,Low-Support,0,Focused-Buyer,0,Weekday-Shopper
14390,0,1,Low-Support,1,Broad-Explorer,0,Weekday-Shopper
16546,1,3,High-Returner,0,Focused-Buyer,0,Weekday-Shopper
15260,1,1,Low-Support,0,Focused-Buyer,0,Weekday-Shopper
13305,0,0,High-Support,0,Focused-Buyer,0,Weekday-Shopper
14491,1,1,Low-Support,0,Focused-Buyer,0,Weekday-Shopper
14060,0,0,High-Support,0,Focused-Buyer,0,Weekday-Shopper
15923,1,1,Low-Support,0,Focused-Buyer,0,Weekday-Shopper
16752,1,0,High-Support,0,Focused-Buyer,0,Weekday-Shopper
17287,0,1,Low-Support,0,Focused-Buyer,0,Weekday-Shopper
15363,1,1,Low-Support,0,Focused-Buyer,0,Weekday-Shopper
12915,1,1,Low-Support,0,Focused-Buyer,0,Weekday-Shopper
15544,0,0,High-Support,1,Broad-Explorer,0,Weekday-Shopper
15738,0,1,Low-Support,0,Focused-Buyer,0,Weekday-Shopper
16042,0,1,Low-Support,0,Focused-Buyer,0,Weekday-Shopper
17381,0,1,Low-Support,0,Focused-Buyer,0,Weekday-Shopper
15827,0,2,Serial-Canceller,0,Focused-Buyer,0,Weekday-Shopper
14180,0,0,High-Support,0,Focused-Buyer,0,Weekday-Shopper
13117,0,0,High-Support,0,Focused-Buyer,0,Weekday-Shopper
16916,0,1,Low-Support,1,Broad-Explorer,0,Weekday-Shopper
17964,0,1,Low-Support,1,Broad-Explorer,0,Weekday-Shopper
14466,0,1,Low-Support,0,Focused-Buyer,0,Weekday-Shopper
17235,0,0,High-Support,0,Focused-Buyer,0,Weekday-Shopper
16510,1,0,High-Support,0,Focused-Buyer,0,Weekday-Shopper
17802,0,1,Low-Support,1,Broad-Explorer,1,Weekend-Shopper
15107,1,0,High-Support,0,Focused-Buyer,0,Weekday-Shopper
17976,1,1,Low-Support,1,Broad-Explorer,0,Weekday-Shopper
14449,0,0,High-Support,1,Broad-Explorer,0,Weekday-Shopper
15838,0,1,Low-Support,0,Focused-Buyer,0,Weekday-Shopper
16781,1,1,Low-Support,0,Focused-Buyer,0,Weekday-Shopper
17547,1,3,High-Returner,0,Focused-Buyer,0,Weekday-Shopper
13491,0,0,High-Support,0,Focused-Buyer,0,Weekday-Shopper
16186,0,1,Low-Support,0,Focused-Buyer,0,Weekday-Shopper
17685,0,0,High-Support,0,Focused-Buyer,0,Weekday-Shopper
17581,0,2,Serial-Canceller,1,Broad-Explorer,0,Weekday-Shopper
15732,1,1,Low-Support,0,Focused-Buyer,0,Weekday-Shopper
13138,0,0,High-Support,0,Focused-Buyer,0,Weekday-Shopper
15823,1,3,High-Returner,0,Focused-Buyer,0,Weekday-Shopper
17567,0,2,Serial-Canceller,0,Focused-Buyer,0,Weekday-Shopper
15061,0,1,Low-Support,0,Focused-Buyer,0,Weekday-Shopper
16203,0,0,High-Support,0,Focused-Buyer,0,Weekday-Shopper
15640,0,2,Serial-Canceller,1,Broad-Explorer,1,Weekend-Shopper
15574,1,0,High-Support,1,Broad-Explorer,0,Weekday-Shopper
16770,0,1,Low-Support,1,Broad-Explorer,1,Weekend-Shopper
17838,0,2,Serial-Canceller,0,Focused-Buyer,1,Weekend-Shopper
17228,0,1,Low-Support,1,Broad-Explorer,0,Weekday-Shopper
14829,0,1,Low-Support,0,Focused-Buyer,0,Weekday-Shopper
17412,0,1,Low-Support,0,Focused-Buyer,0,Weekday-Shopper
14031,0,0,High-Support,0,Focused-Buyer,0,Weekday-Shopper
14775,0,1,Low-Support,0,Focused-Buyer,0,Weekday-Shopper
12971,0,0,High-Support,0,Focused-Buyer,0,Weekday-Shopper
15834,0,1,Low-Support,1,Broad-Explorer,0,Weekday-Shopper
17659,0,1,Low-Support,1,Broad-Explorer,0,Weekday-Shopper
15299,0,3,High-Returner,0,Focused-Buyer,0,Weekday-Shopper
15646,1,0,High-Support,0,Focused-Buyer,0,Weekday-Shopper
13958,1,3,High-Returner,0,Focused-Buyer,0,Weekday-Shopper
14443,0,1,Low-Support,0,Focused-Buyer,0,Weekday-Shopper
14156,0,2,Serial-Canceller,1,Broad-Explorer,0,Weekday-Shopper
16995,1,3,High-Returner,0,Focused-Buyer,0,Weekday-Shopper
13402,1,1,Low-Support,0,Focused-Buyer,0,Weekday-Shopper
18168,1,1,Low-Support,0,Focused-Buyer,0,Weekday-Shopper
17757,0,0,High-Support,1,Broad-Explorer,0,Weekday-Shopper
14625,1,0,High-Support,0,Focused-Buyer,0,Weekday-Shopper
13011,1,1,Low-Support,0,Focused-Buyer,0,Weekday-Shopper
13798,0,2,Serial-Canceller,0,Focused-Buyer,0,Weekday-Shopper
15384,1,1,Low-Support,0,Focused-Buyer,0,Weekday-Shopper
14264,1,1,Low-Support,0,Focused-Buyer,0,Weekday-Shopper
13295,1,1,Low-Support,0,Focused-Buyer,0,Weekday-Shopper
16754,1,1,Low-Support,0,Focused-Buyer,0,Weekday-Shopper
16634,1,0,High-Support,0,Focused-Buyer,0,Weekday-Shopper
18239,1,0,High-Support,0,Focused-Buyer,0,Weekday-Shopper
14576,1,1,Low-Support,0,Focused-Buyer,0,Weekday-Shopper
13145,0,0,High-Support,0,Focused-Buyer,0,Weekday-Shopper
14395,0,1,Low-Support,1,Broad-Explorer,0,Weekday-Shopper
14865,0,1,Low-Support,0,Focused-Buyer,0,Weekday-Shopper
15093,0,1,Low-Support,0,Focused-Buyer,0,Weekday-Shopper
12738,1,1,Low-Support,0,Focused-Buyer,0,Weekday-Shopper
16150,0,2,Serial-Canceller,0,Focused-Buyer,0,Weekday-Shopper
17552,0,0,High-Support,0,Focused-Buyer,0,Weekday-Shopper
14236,0,0,High-Support,0,Focused-Buyer,0,Weekday-Shopper
17961,0,1,Low-Support,1,Broad-Explorer,0,Weekday-Shopper
14573,1,1,Low-Support,1,Broad-Explorer,0,Weekday-Shopper
17135,0,1,Low-Support,0,Focused-Buyer,0,Weekday-Shopper
17396,0,0,High-Support,0,Focused-Buyer,0,Weekday-Shopper
14213,1,3,High-Returner,0,Focused-Buyer,0,Weekday-Shopper
12967,0,3,High-Returner,0,Focused-Buyer,0,Weekday-Shopper
12686,1,1,Low-Support,0,Focused-Buyer,0,Weekday-Shopper
14679,1,3,High-Returner,0,Focused-Buyer,0,Weekday-Shopper
15240,0,0,High-Support,0,Focused-Buyer,0,Weekday-Shopper
18225,0,2,Serial-Canceller,1,Broad-Explorer,0,Weekday-Shopper
13370,1,1,Low-Support,0,Focused-Buyer,0,Weekday-Shopper
16883,1,1,Low-Support,0,Focused-Buyer,1,Weekend-Shopper
13520,0,0,High-Support,0,Focused-Buyer,0,Weekday-Shopper
12841,0,2,Serial-Canceller,1,Broad-Explorer,1,Weekend-Shopper
16905,0,1,Low-Support,1,Broad-Explorer,1,Weekend-Shopper
12427,0,1,Low-Support,0,Focused-Buyer,0,Weekday-Shopper
17967,1,1,Low-Support,0,Focused-Buyer,0,Weekday-Shopper
16891,0,0,High-Support,1,Broad-Explorer,0,Weekday-Shopper
14589,1,1,Low-Support,0,Focused-Buyer,0,Weekday-Shopper
14680,0,2,Serial-Canceller,0,Focused-Buyer,0,Weekday-Shopper
17884,0,1,Low-Support,1,Broad-Explorer,0,Weekday-Shopper
12557,0,1,Low-Support,0,Focused-Buyer,0,Weekday-Shopper
14083,0,1,Low-Support,1,Broad-Explorer,0,Weekday-Shopper
13013,0,0,High-Support,1,Broad-Explorer,0,Weekday-Shopper
14210,1,1,Low-Support,0,Focused-Buyer,0,Weekday-Shopper
16477,0,0,High-Support,1,Broad-Explorer,0,Weekday-Shopper
12600,0,1,Low-Support,0,Focused-Buyer,0,Weekday-Shopper
16013,0,2,Serial-Canceller,0,Focused-Buyer,0,Weekday-Shopper
17949,0,1,Low-Support,0,Focused-Buyer,0,Weekday-Shopper
12779,0,2,Serial-Canceller,0,Focused-Buyer,0,Weekday-Shopper
16926,1,1,Low-Support,0,Focused-Buyer,0,Weekday-Shopper
17787,1,1,Low-Support,0,Focused-Buyer,0,Weekday-Shopper
12682,0,1,Low-Support,1,Broad-Explorer,0,Weekday-Shopper
14723,0,1,Low-Support,1,Broad-Explorer,0,Weekday-Shopper
17954,0,1,Low-Support,1,Broad-Explorer,1,Weekend-Shopper
17819,0,0,High-Support,0,Focused-Buyer,0,Weekday-Shopper
12712,0,0,High-Support,0,Focused-Buyer,0,Weekday-Shopper
15373,0,1,Low-Support,0,Focused-Buyer,0,Weekday-Shopper
16140,0,0,High-Support,0,Focused-Buyer,0,Weekday-Shopper
17198,0,1,Low-Support,1,Broad-Explorer,0,Weekday-Shopper
17238,0,0,High-Support,1,Broad-Explorer,0,Weekday-Shopper
12793,1,0,High-Support,0,Focused-Buyer,1,Weekend-Shopper
15769,0,2,Serial-Canceller,0,Focused-Buyer,0,Weekday-Shopper
14396,0,1,Low-Support,0,Focused-Buyer,0,Weekday-Shopper
14898,0,1,Low-Support,0,Focused-Buyer,0,Weekday-Shopper
12725,1,1,Low-Support,0,Focused-Buyer,0,Weekday-Shopper
16725,1,1,Low-Support,0,Focused-Buyer,0,Weekday-Shopper
12395,0,0,High-Support,0,Focused-Buyer,0,Weekday-Shopper
16455,0,1,Low-Support,0,Focused-Buyer,0,Weekday-Shopper
13081,0,2,Serial-Canceller,1,Broad-Explorer,0,Weekday-Shopper
15545,0,0,High-Support,1,Broad-Explorer,1,Weekend-Shopper
17243,0,1,Low-Support,1,Broad-Explorer,1,Weekend-Shopper
15465,0,0,High-Support,0,Focused-Buyer,1,Weekend-Shopper
15708,0,1,Low-Support,1,Broad-Explorer,1,Weekend-Shopper
13089,0,2,Serial-Canceller,1,Broad-Explorer,0,Weekday-Shopper
16033,0,2,Serial-Canceller,1,Broad-Explorer,1,Weekend-Shopper
13838,0,1,Low-Support,1,Broad-Explorer,1,Weekend-Shopper
15351,0,1,Low-Support,1,Broad-Explorer,1,Weekend-Shopper
18055,0,0,High-Support,1,Broad-Explorer,0,Weekday-Shopper
15038,0,1,Low-Support,0,Focused-Buyer,1,Weekend-Shopper
18109,0,0,High-Support,0,Focused-Buyer,1,Weekend-Shopper
13069,0,2,Serial-Canceller,1,Broad-Explorer,0,Weekday-Shopper
16241,0,1,Low-Support,1,Broad-Explorer,0,Weekday-Shopper
14800,0,0,High-Support,1,Broad-Explorer,1,Weekend-Shopper
16839,0,2,Serial-Canceller,0,Focused-Buyer,0,Weekday-Shopper
16168,0,1,Low-Support,0,Focused-Buyer,0,Weekday-Shopper
16931,0,1,Low-Support,1,Broad-Explorer,1,Weekend-Shopper
16814,0,0,High-Support,0,Focused-Buyer,0,Weekday-Shopper
13269,0,1,Low-Support,1,Broad-Explorer,1,Weekend-Shopper
14813,1,1,Low-Support,0,Focused-Buyer,1,Weekend-Shopper
12567,0,2,Serial-Canceller,1,Broad-Explorer,1,Weekend-Shopper
17062,1,1,Low-Support,0,Focused-Buyer,1,Weekend-Shopper
15332,1,0,High-Support,0,Focused-Buyer,1,Weekend-Shopper
14810,0,1,Low-Support,0,Focused-Buyer,1,Weekend-Shopper
16353,0,1,Low-Support,0,Focused-Buyer,0,Weekday-Shopper
18118,0,1,Low-Support,1,Broad-Explorer,0,Weekday-Shopper
13831,0,1,Low-Support,0,Focused-Buyer,0,Weekday-Shopper
13506,1,1,Low-Support,0,Focused-Buyer,1,Weekend-Shopper
17796,0,1,Low-Support,0,Focused-Buyer,1,Weekend-Shopper
15716,1,0,High-Support,1,Broad-Explorer,1,Weekend-Shopper
18156,0,1,Low-Support,1,Broad-Explorer,1,Weekend-Shopper
15221,1,3,High-Returner,0,Focused-Buyer,1,Weekend-Shopper
16983,0,1,Low-Support,1,Broad-Explorer,1,Weekend-Shopper
17059,0,1,Low-Support,1,Broad-Explorer,0,Weekday-Shopper
16327,0,1,Low-Support,1,Broad-Explorer,0,Weekday-Shopper
17211,0,0,High-Support,1,Broad-Explorer,1,Weekend-Shopper
17026,1,1,Low-Support,0,Focused-Buyer,1,Weekend-Shopper
15570,0,0,High-Support,1,Broad-Explorer,0,Weekday-Shopper
15880,1,0,High-Support,1,Broad-Explorer,1,Weekend-Shopper
16718,1,0,High-Support,0,Focused-Buyer,1,Weekend-Shopper
15808,1,1,Low-Support,1,Broad-Explorer,1,Weekend-Shopper
17858,0,0,High-Support,0,Focused-Buyer,1,Weekend-Shopper
16393,0,2,Serial-Canceller,0,Focused-Buyer,0,Weekday-Shopper
14161,1,1,Low-Support,0,Focused-Buyer,1,Weekend-Shopper
17863,0,0,High-Support,1,Broad-Explorer,0,Weekday-Shopper
16411,0,1,Low-Support,0,Focused-Buyer,1,Weekend-Shopper
16402,1,1,Low-Support,0,Focused-Buyer,1,Weekend-Shopper
15023,0,0,High-Support,1,Broad-Explorer,0,Weekday-Shopper
17402,0,1,Low-Support,0,Focused-Buyer,1,Weekend-Shopper
15426,0,1,Low-Support,1,Broad-Explorer,1,Weekend-Shopper
12647,0,1,Low-Support,0,Focused-Buyer,1,Weekend-Shopper
15894,1,0,High-Support,0,Focused-Buyer,1,Weekend-Shopper
15867,0,1,Low-Support,1,Broad-Explorer,0,Weekday-Shopper
14506,0,1,Low-Support,1,Broad-Explorer,0,Weekday-Shopper
15555,0,2,Serial-Canceller,1,Broad-Explorer,1,Weekend-Shopper
13034,0,1,Low-Support,0,Focused-Buyer,1,Weekend-Shopper
15889,1,1,Low-Support,1,Broad-Explorer,1,Weekend-Shopper
15953,0,1,Low-Support,0,Focused-Buyer,0,Weekday-Shopper
16143,0,1,Low-Support,0,Focused-Buyer,0,Weekday-Shopper
12720,0,1,Low-Support,1,Broad-Explorer,0,Weekday-Shopper
16422,0,2,Serial-Canceller,0,Focused-Buyer,0,Weekday-Shopper
12747,0,1,Low-Support,0,Focused-Buyer,0,Weekday-Shopper
15502,0,2,Serial-Canceller,1,Broad-Explorer,0,Weekday-Shopper
12763,1,0,High-Support,0,Focused-Buyer,1,Weekend-Shopper
14081,1,1,Low-Support,1,Broad-Explorer,0,Weekday-Shopper
17965,0,0,High-Support,1,Broad-Explorer,0,Weekday-Shopper
14404,0,1,Low-Support,0,Focused-Buyer,1,Weekend-Shopper
13579,0,0,High-Support,0,Focused-Buyer,0,Weekday-Shopper
13174,0,0,High-Support,1,Broad-Explorer,1,Weekend-Shopper
15987,0,0,High-Support,1,Broad-Explorer,0,Weekday-Shopper
17677,0,2,Serial-Canceller,1,Broad-Explorer,0,Weekday-Shopper
13652,0,0,High-Support,0,Focused-Buyer,0,Weekday-Shopper
12586,0,1,Low-Support,0,Focused-Buyer,0,Weekday-Shopper
17428,0,2,Serial-Canceller,1,Broad-Explorer,0,Weekday-Shopper
16161,0,2,Serial-Canceller,1,Broad-Explorer,0,Weekday-Shopper
16858,1,3,High-Returner,0,Focused-Buyer,0,Weekday-Shopper
18219,0,0,High-Support,0,Focused-Buyer,0,Weekday-Shopper
14293,0,0,High-Support,0,Focused-Buyer,0,Weekday-Shopper
14748,0,1,Low-Support,0,Focused-Buyer,0,Weekday-Shopper
16638,0,1,Low-Support,0,Focused-Buyer,0,Weekday-Shopper
17674,0,1,Low-Support,0,Focused-Buyer,0,Weekday-Shopper
12808,0,0,High-Support,0,Focused-Buyer,0,Weekday-Shopper
13094,0,3,High-Returner,0,Focused-Buyer,0,Weekday-Shopper
15899,1,1,Low-Support,0,Focused-Buyer,0,Weekday-Shopper
12708,0,2,Serial-Canceller,0,Focused-Buyer,0,Weekday-Shopper
15898,0,1,Low-Support,0,Focused-Buyer,0,Weekday-Shopper
17691,1,1,Low-Support,0,Focused-Buyer,0,Weekday-Shopper
17227,0,0,High-Support,0,Focused-Buyer,0,Weekday-Shopper
15039,0,1,Low-Support,1,Broad-Explorer,0,Weekday-Shopper
15919,0,1,Low-Support,1,Broad-Explorer,1,Weekend-Shopper
13497,1,1,Low-Support,0,Focused-Buyer,0,Weekday-Shopper
15860,0,1,Low-Support,0,Focused-Buyer,0,Weekday-Shopper
14189,0,2,Serial-Canceller,1,Broad-Explorer,0,Weekday-Shopper
15304,0,1,Low-Support,0,Focused-Buyer,0,Weekday-Shopper
14867,1,1,Low-Support,0,Focused-Buyer,0,Weekday-Shopper
14344,1,1,Low-Support,0,Focused-Buyer,0,Weekday-Shopper
12474,0,2,Serial-Canceller,1,Broad-Explorer,0,Weekday-Shopper
16719,0,1,Low-Support,0,Focused-Buyer,0,Weekday-Shopper
15048,0,1,Low-Support,0,Focused-Buyer,0,Weekday-Shopper
15301,0,1,Low-Support,1,Broad-Explorer,0,Weekday-Shopper
14708,0,1,Low-Support,0,Focused-Buyer,0,Weekday-Shopper
16898,0,1,Low-Support,1,Broad-Explorer,0,Weekday-Shopper
14825,0,1,Low-Support,0,Focused-Buyer,0,Weekday-Shopper
18113,1,0,High-Support,0,Focused-Buyer,0,Weekday-Shopper
17596,0,0,High-Support,1,Broad-Explorer,0,Weekday-Shopper
15078,0,2,Serial-Canceller,0,Focused-Buyer,0,Weekday-Shopper
14085,0,1,Low-Support,1,Broad-Explorer,0,Weekday-Shopper
17860,1,1,Low-Support,0,Focused-Buyer,0,Weekday-Shopper
13155,0,0,High-Support,0,Focused-Buyer,0,Weekday-Shopper
15028,0,1,Low-Support,0,Focused-Buyer,0,Weekday-Shopper
16919,1,1,Low-Support,1,Broad-Explorer,0,Weekday-Shopper
17259,1,0,High-Support,1,Broad-Explorer,0,Weekday-Shopper
17019,0,1,Low-Support,1,Broad-Explorer,0,Weekday-Shopper
14487,0,1,Low-Support,1,Broad-Explorer,1,Weekend-Shopper
16722,0,0,High-Support,0,Focused-Buyer,0,Weekday-Shopper
15882,1,0,High-Support,0,Focused-Buyer,0,Weekday-Shopper
14667,0,1,Low-Support,1,Broad-Explorer,0,Weekday-Shopper
16710,0,0,High-Support,1,Broad-Explorer,0,Weekday-Shopper
16550,1,1,Low-Support,1,Broad-Explorer,0,Weekday-Shopper
15984,0,1,Low-Support,1,Broad-Explorer,1,Weekend-Shopper
17682,0,1,Low-Support,0,Focused-Buyer,0,Weekday-Shopper
16658,1,1,Low-Support,0,Focused-Buyer,0,Weekday-Shopper
17068,0,0,High-Support,0,Focused-Buyer,0,Weekday-Shopper
15356,0,1,Low-Support,1,Broad-Explorer,0,Weekday-Shopper
17223,1,1,Low-Support,0,Focused-Buyer,0,Weekday-Shopper
16817,0,1,Low-Support,0,Focused-Buyer,0,Weekday-Shopper
13030,0,1,Low-Support,1,Broad-Explorer,0,Weekday-Shopper
17191,0,1,Low-Support,1,Broad-Explorer,0,Weekday-Shopper
15194,0,2,Serial-Canceller,1,Broad-Explorer,0,Weekday-Shopper
14409,0,1,Low-Support,0,Focused-Buyer,0,Weekday-Shopper
16654,1,0,High-Support,0,Focused-Buyer,0,Weekday-Shopper
16861,0,3,High-Returner,0,Focused-Buyer,0,Weekday-Shopper
16138,1,3,High-Returner,0,Focused-Buyer,0,Weekday-Shopper
13481,0,1,Low-Support,0,Focused-Buyer,0,Weekday-Shopper
13495,0,1,Low-Support,0,Focused-Buyer,0,Weekday-Shopper
17519,0,1,Low-Support,0,Focused-Buyer,0,Weekday-Shopper
17218,0,0,High-Support,1,Broad-Explorer,1,Weekend-Shopper
17812,0,1,Low-Support,1,Broad-Explorer,1,Weekend-Shopper
14215,0,1,Low-Support,0,Focused-Buyer,0,Weekday-Shopper
15602,0,0,High-Support,0,Focused-Buyer,0,Weekday-Shopper
17320,1,1,Low-Support,0,Focused-Buyer,1,Weekend-Shopper
16782,0,1,Low-Support,0,Focused-Buyer,0,Weekday-Shopper
12913,0,1,Low-Support,0,Focused-Buyer,0,Weekday-Shopper
17869,1,1,Low-Support,0,Focused-Buyer,0,Weekday-Shopper
13564,1,1,Low-Support,0,Focused-Buyer,0,Weekday-Shopper
14850,1,1,Low-Support,0,Focused-Buyer,0,Weekday-Shopper
15021,0,1,Low-Support,1,Broad-Explorer,0,Weekday-Shopper
13963,1,1,Low-Support,0,Focused-Buyer,0,Weekday-Shopper
17450,0,2,Serial-Canceller,0,Focused-Buyer,0,Weekday-Shopper
17091,0,1,Low-Support,1,Broad-Explorer,0,Weekday-Shopper
17470,0,1,Low-Support,0,Focused-Buyer,0,Weekday-Shopper
17616,1,0,High-Support,0,Focused-Buyer,0,Weekday-Shopper
15649,1,1,Low-Support,0,Focused-Buyer,0,Weekday-Shopper
12681,0,0,High-Support,1,Broad-Explorer,0,Weekday-Shopper
14907,0,0,High-Support,1,Broad-Explorer,0,Weekday-Shopper
17735,0,1,Low-Support,1,Broad-Explorer,0,Weekday-Shopper
16059,0,1,Low-Support,1,Broad-Explorer,0,Weekday-Shopper
17720,0,1,Low-Support,0,Focused-Buyer,0,Weekday-Shopper
15018,0,0,High-Support,0,Focused-Buyer,0,Weekday-Shopper
14733,0,2,Serial-Canceller,0,Focused-Buyer,0,Weekday-Shopper
13756,0,1,Low-Support,0,Focused-Buyer,0,Weekday-Shopper
14176,1,1,Low-Support,0,Focused-Buyer,0,Weekday-Shopper
13319,0,2,Serial-Canceller,1,Broad-Explorer,0,Weekday-Shopper
15353,1,0,High-Support,0,Focused-Buyer,0,Weekday-Shopper
18119,1,0,High-Support,0,Focused-Buyer,0,Weekday-Shopper
17491,0,1,Low-Support,0,Focused-Buyer,0,Weekday-Shopper
14282,0,0,High-Support,0,Focused-Buyer,0,Weekday-Shopper
13569,0,0,High-Support,0,Focused-Buyer,0,Weekday-Shopper
15498,0,2,Serial-Canceller,1,Broad-Explorer,0,Weekday-Shopper
14673,0,1,Low-Support,0,Focused-Buyer,0,Weekday-Shopper
13488,0,0,High-Support,1,Broad-Explorer,0,Weekday-Shopper
16221,0,1,Low-Support,1,Broad-Explorer,0,Weekday-Shopper
15002,1,1,Low-Support,0,Focused-Buyer,0,Weekday-Shopper
15965,0,1,Low-Support,0,Focused-Buyer,0,Weekday-Shopper
15024,0,1,Low-Support,0,Focused-Buyer,0,Weekday-Shopper
17675,0,2,Serial-Canceller,1,Broad-Explorer,0,Weekday-Shopper
13769,0,0,High-Support,0,Focused-Buyer,0,Weekday-Shopper
16904,0,1,Low-Support,1,Broad-Explorer,0,Weekday-Shopper
16086,0,1,Low-Support,0,Focused-Buyer,0,Weekday-Shopper
13786,1,1,Low-Support,0,Focused-Buyer,0,Weekday-Shopper
13880,0,1,Low-Support,1,Broad-Explorer,0,Weekday-Shopper
13173,0,0,High-Support,0,Focused-Buyer,0,Weekday-Shopper
15858,0,1,Low-Support,1,Broad-Explorer,0,Weekday-Shopper
15180,1,0,High-Support,0,Focused-Buyer,0,Weekday-Shopper
12347,0,1,Low-Support,0,Focused-Buyer,0,Weekday-Shopper
14739,0,1,Low-Support,0,Focused-Buyer,0,Weekday-Shopper
16293,0,0,High-Support,0,Focused-Buyer,0,Weekday-Shopper
17419,0,1,Low-Support,1,Broad-Explorer,0,Weekday-Shopper
16775,0,1,Low-Support,0,Focused-Buyer,0,Weekday-Shopper
16306,1,0,High-Support,0,Focused-Buyer,0,Weekday-Shopper
16950,0,1,Low-Support,0,Focused-Buyer,1,Weekend-Shopper
17591,0,1,Low-Support,0,Focused-Buyer,0,Weekday-Shopper
12839,0,1,Low-Support,0,Focused-Buyer,0,Weekday-Shopper
13807,1,1,Low-Support,0,Focused-Buyer,0,Weekday-Shopper
16125,1,0,High-Support,0,Focused-Buyer,0,Weekday-Shopper
15081,0,0,High-Support,0,Focused-Buyer,0,Weekday-Shopper
18102,0,0,High-Support,1,Broad-Explorer,0,Weekday-Shopper
16365,0,1,Low-Support,0,Focused-Buyer,0,Weekday-Shopper
17870,0,0,High-Support,1,Broad-Explorer,0,Weekday-Shopper
14821,1,1,Low-Support,0,Focused-Buyer,0,Weekday-Shopper
16863,0,1,Low-Support,0,Focused-Buyer,0,Weekday-Shopper
13078,0,2,Serial-Canceller,0,Focused-Buyer,0,Weekday-Shopper
13267,0,2,Serial-Canceller,0,Focused-Buyer,0,Weekday-Shopper
13050,0,2,Serial-Canceller,1,Broad-Explorer,0,Weekday-Shopper
12709,0,2,Serial-Canceller,0,Focused-Buyer,0,Weekday-Shopper
15628,0,1,Low-Support,0,Focused-Buyer,0,Weekday-Shopper
12386,1,1,Low-Support,0,Focused-Buyer,0,Weekday-Shopper
14796,0,2,Serial-Canceller,1,Broad-Explorer,0,Weekday-Shopper
16779,0,2,Serial-Canceller,1,Broad-Explorer,0,Weekday-Shopper
13599,0,2,Serial-Canceller,1,Broad-Explorer,0,Weekday-Shopper
13329,0,0,High-Support,0,Focused-Buyer,0,Weekday-Shopper
18077,0,1,Low-Support,0,Focused-Buyer,1,Weekend-Shopper
14744,0,1,Low-Support,0,Focused-Buyer,0,Weekday-Shopper
17406,1,0,High-Support,0,Focused-Buyer,0,Weekday-Shopper
15750,0,1,Low-Support,1,Broad-Explorer,0,Weekday-Shopper
13983,0,0,High-Support,0,Focused-Buyer,0,Weekday-Shopper
13842,0,1,Low-Support,1,Broad-Explorer,0,Weekday-Shopper
12441,1,0,High-Support,0,Focused-Buyer,0,Weekday-Shopper
13199,0,1,Low-Support,0,Focused-Buyer,0,Weekday-Shopper
14032,0,1,Low-Support,0,Focused-Buyer,0,Weekday-Shopper
17706,0,2,Serial-Canceller,1,Broad-Explorer,0,Weekday-Shopper
16081,0,1,Low-Support,1,Broad-Explorer,0,Weekday-Shopper
16525,0,2,Serial-Canceller,0,Focused-Buyer,0,Weekday-Shopper
14952,0,2,Serial-Canceller,0,Focused-Buyer,0,Weekday-Shopper
17975,0,1,Low-Support,1,Broad-Explorer,0,Weekday-Shopper
16122,0,1,Low-Support,0,Focused-Buyer,0,Weekday-Shopper
13126,0,1,Low-Support,1,Broad-Explorer,0,Weekday-Shopper
15973,1,3,High-Returner,0,Focused-Buyer,0,Weekday-Shopper
16558,0,2,Serial-Canceller,1,Broad-Explorer,0,Weekday-Shopper
16713,0,1,Low-Support,1,Broad-Explorer,0,Weekday-Shopper
16893,1,1,Low-Support,0,Focused-Buyer,0,Weekday-Shopper
15529,0,1,Low-Support,1,Broad-Explorer,0,Weekday-Shopper
18043,0,1,Low-Support,1,Broad-Explorer,0,Weekday-Shopper
16016,0,1,Low-Support,1,Broad-Explorer,0,Weekday-Shopper
17722,1,1,Low-Support,1,Broad-Explorer,0,Weekday-Shopper
17324,0,1,Low-Support,0,Focused-Buyer,0,Weekday-Shopper
17341,1,1,Low-Support,1,Broad-Explorer,0,Weekday-Shopper
14051,0,1,Low-Support,0,Focused-Buyer,0,Weekday-Shopper
15916,0,0,High-Support,1,Broad-Explorer,0,Weekday-Shopper
16233,0,1,Low-Support,0,Focused-Buyer,0,Weekday-Shopper
16385,0,1,Low-Support,0,Focused-Buyer,0,Weekday-Shopper
15032,1,1,Low-Support,0,Focused-Buyer,0,Weekday-Shopper
17213,0,1,Low-Support,0,Focused-Buyer,1,Weekend-Shopper
18061,0,1,Low-Support,0,Focused-Buyer,0,Weekday-Shopper
13113,0,2,Serial-Canceller,0,Focused-Buyer,0,Weekday-Shopper
16553,1,1,Low-Support,0,Focused-Buyer,0,Weekday-Shopper
13455,0,1,Low-Support,0,Focused-Buyer,0,Weekday-Shopper
14217,0,1,Low-Support,0,Focused-Buyer,0,Weekday-Shopper
17262,0,1,Low-Support,0,Focused-Buyer,0,Weekday-Shopper
14299,0,2,Serial-Canceller,0,Focused-Buyer,0,Weekday-Shopper
18259,0,0,High-Support,0,Focused-Buyer,0,Weekday-Shopper
17676,0,0,High-Support,0,Focused-Buyer,0,Weekday-Shopper
16679,1,1,Low-Support,0,Focused-Buyer,0,Weekday-Shopper
18269,1,1,Low-Support,0,Focused-Buyer,0,Weekday-Shopper
12766,0,1,Low-Support,1,Broad-Explorer,0,Weekday-Shopper
15298,0,0,High-Support,0,Focused-Buyer,0,Weekday-Shopper
18193,1,1,Low-Support,0,Focused-Buyer,0,Weekday-Shopper
13523,0,1,Low-Support,1,Broad-Explorer,0,Weekday-Shopper
12870,1,3,High-Returner,0,Focused-Buyer,0,Weekday-Shopper
15005,0,2,Serial-Canceller,1,Broad-Explorer,0,Weekday-Shopper
15581,1,0,High-Support,1,Broad-Explorer,0,Weekday-Shopper
15680,0,1,Low-Support,0,Focused-Buyer,0,Weekday-Shopper
13649,1,0,High-Support,0,Focused-Buyer,0,Weekday-Shopper
17894,0,1,Low-Support,1,Broad-Explorer,0,Weekday-Shopper
13270,1,1,Low-Support,0,Focused-Buyer,0,Weekday-Shopper
14618,0,1,Low-Support,0,Focused-Buyer,0,Weekday-Shopper
14866,0,1,Low-Support,0,Focused-Buyer,0,Weekday-Shopper
13077,0,1,Low-Support,1,Broad-Explorer,0,Weekday-Shopper
13115,0,2,Serial-Canceller,0,Focused-Buyer,0,Weekday-Shopper
13531,1,1,Low-Support,0,Focused-Buyer,0,Weekday-Shopper
13848,1,1,Low-Support,0,Focused-Buyer,0,Weekday-Shopper
13140,1,1,Low-Support,0,Focused-Buyer,0,Weekday-Shopper
15713,1,1,Low-Support,0,Focused-Buyer,0,Weekday-Shopper
17999,0,0,High-Support,1,Broad-Explorer,0,Weekday-Shopper
15347,1,1,Low-Support,0,Focused-Buyer,0,Weekday-Shopper
17340,0,2,Serial-Canceller,1,Broad-Explorer,0,Weekday-Shopper
13984,0,0,High-Support,0,Focused-Buyer,0,Weekday-Shopper
15996,0,0,High-Support,0,Focused-Buyer,0,Weekday-Shopper
14030,0,1,Low-Support,1,Broad-Explorer,0,Weekday-Shopper
16252,1,2,Serial-Canceller,0,Focused-Buyer,0,Weekday-Shopper
16596,0,1,Low-Support,0,Focused-Buyer,0,Weekday-Shopper
16700,0,1,Low-Support,1,Broad-Explorer,0,Weekday-Shopper
16011,0,1,Low-Support,0,Focused-Buyer,0,Weekday-Shopper
17655,0,1,Low-Support,0,Focused-Buyer,0,Weekday-Shopper
16717,0,2,Serial-Canceller,1,Broad-Explorer,0,Weekday-Shopper
14243,0,1,Low-Support,0,Focused-Buyer,0,Weekday-Shopper
12963,0,0,High-Support,0,Focused-Buyer,0,Weekday-Shopper
15079,1,1,Low-Support,0,Focused-Buyer,0,Weekday-Shopper
14437,1,1,Low-Support,0,Focused-Buyer,0,Weekday-Shopper
12942,1,1,Low-Support,0,Focused-Buyer,1,Weekend-Shopper
15660,0,1,Low-Support,0,Focused-Buyer,0,Weekday-Shopper
18092,0,0,High-Support,0,Focused-Buyer,0,Weekday-Shopper
15358,0,1,Low-Support,1,Broad-Explorer,0,Weekday-Shopper
12481,0,0,High-Support,1,Broad-Explorer,0,Weekday-Shopper
12721,0,0,High-Support,1,Broad-Explorer,0,Weekday-Shopper
12621,0,1,Low-Support,1,Broad-Explorer,0,Weekday-Shopper
18071,1,1,Low-Support,0,Focused-Buyer,0,Weekday-Shopper
12683,0,2,Serial-Canceller,1,Broad-Explorer,0,Weekday-Shopper
12755,1,3,High-Returner,0,Focused-Buyer,0,Weekday-Shopper
13854,0,1,Low-Support,0,Focused-Buyer,0,Weekday-Shopper
12797,1,3,High-Returner,0,Focused-Buyer,0,Weekday-Shopper
13369,1,3,High-Returner,0,Focused-Buyer,0,Weekday-Shopper
12494,0,0,High-Support,0,Focused-Buyer,0,Weekday-Shopper
17857,0,1,Low-Support,0,Focused-Buyer,0,Weekday-Shopper
17411,0,1,Low-Support,0,Focused-Buyer,1,Weekend-Shopper
14932,1,0,High-Support,0,Focused-Buyer,0,Weekday-Shopper
12429,0,1,Low-Support,0,Focused-Buyer,0,Weekday-Shopper
14987,0,1,Low-Support,0,Focused-Buyer,0,Weekday-Shopper
14355,1,0,High-Support,0,Focused-Buyer,0,Weekday-Shopper
17526,0,0,High-Support,0,Focused-Buyer,0,Weekday-Shopper
14896,1,1,Low-Support,0,Focused-Buyer,0,Weekday-Shopper
14440,0,1,Low-Support,0,Focused-Buyer,0,Weekday-Shopper
13240,1,0,High-Support,0,Focused-Buyer,1,Weekend-Shopper
14479,1,0,High-Support,0,Focused-Buyer,0,Weekday-Shopper
16065,1,1,Low-Support,1,Broad-Explorer,0,Weekday-Shopper
17430,0,0,High-Support,0,Focused-Buyer,0,Weekday-Shopper
16520,1,1,Low-Support,1,Broad-Explorer,0,Weekday-Shopper
15945,1,0,High-Support,0,Focused-Buyer,0,Weekday-Shopper
15181,0,1,Low-Support,0,Focused-Buyer,0,Weekday-Shopper
15856,0,1,Low-Support,1,Broad-Explorer,0,Weekday-Shopper
13102,0,1,Low-Support,1,Broad-Explorer,0,Weekday-Shopper
14205,0,3,High-Returner,0,Focused-Buyer,0,Weekday-Shopper
17702,0,1,Low-Support,0,Focused-Buyer,0,Weekday-Shopper
15271,0,0,High-Support,1,Broad-Explorer,0,Weekday-Shopper
13982,0,0,High-Support,0,Focused-Buyer,0,Weekday-Shopper
15288,0,1,Low-Support,0,Focused-Buyer,0,Weekday-Shopper
17978,1,1,Low-Support,0,Focused-Buyer,0,Weekday-Shopper
16795,1,1,Low-Support,1,Broad-Explorer,0,Weekday-Shopper
16519,0,1,Low-Support,0,Focused-Buyer,0,Weekday-Shopper
17816,0,1,Low-Support,0,Focused-Buyer,0,Weekday-Shopper
13021,0,1,Low-Support,0,Focused-Buyer,0,Weekday-Shopper
16255,0,0,High-Support,1,Broad-Explorer,1,Weekend-Shopper
17671,0,1,Low-Support,0,Focused-Buyer,0,Weekday-Shopper
17646,1,1,Low-Support,0,Focused-Buyer,0,Weekday-Shopper
12649,1,1,Low-Support,0,Focused-Buyer,0,Weekday-Shopper
16350,0,0,High-Support,0,Focused-Buyer,0,Weekday-Shopper
12872,1,1,Low-Support,0,Focused-Buyer,0,Weekday-Shopper
17339,1,0,High-Support,0,Focused-Buyer,0,Weekday-Shopper
18230,0,1,Low-Support,0,Focused-Buyer,0,Weekday-Shopper
16499,1,0,High-Support,0,Focused-Buyer,0,Weekday-Shopper
17097,0,1,Low-Support,1,Broad-Explorer,0,Weekday-Shopper
15192,1,0,High-Support,0,Focused-Buyer,0,Weekday-Shopper
14441,0,1,Low-Support,0,Focused-Buyer,0,Weekday-Shopper
15279,1,1,Low-Support,0,Focused-Buyer,0,Weekday-Shopper
16579,1,3,High-Returner,0,Focused-Buyer,0,Weekday-Shopper
15380,0,1,Low-Support,0,Focused-Buyer,0,Weekday-Shopper
17442,0,1,Low-Support,0,Focused-Buyer,0,Weekday-Shopper
17950,0,0,High-Support,0,Focused-Buyer,0,Weekday-Shopper
12826,0,1,Low-Support,0,Focused-Buyer,0,Weekday-Shopper
17456,1,1,Low-Support,0,Focused-Buyer,0,Weekday-Shopper
17307,1,3,High-Returner,0,Focused-Buyer,0,Weekday-Shopper
15811,0,0,High-Support,1,Broad-Explorer,0,Weekday-Shopper
13327,0,1,Low-Support,0,Focused-Buyer,0,Weekday-Shopper
17700,0,1,Low-Support,1,Broad-Explorer,0,Weekday-Shopper
13136,0,2,Serial-Canceller,0,Focused-Buyer,0,Weekday-Shopper
15535,1,1,Low-Support,0,Focused-Buyer,1,Weekend-Shopper
12605,1,3,High-Returner,0,Focused-Buyer,0,Weekday-Shopper
15329,0,0,High-Support,0,Focused-Buyer,0,Weekday-Shopper
15211,0,0,High-Support,0,Focused-Buyer,0,Weekday-Shopper
15596,1,0,High-Support,0,Focused-Buyer,0,Weekday-Shopper
16163,1,0,High-Support,0,Focused-Buyer,0,Weekday-Shopper
16907,0,1,Low-Support,0,Focused-Buyer,0,Weekday-Shopper
17576,0,0,High-Support,1,Broad-Explorer,0,Weekday-Shopper
14713,0,1,Low-Support,1,Broad-Explorer,0,Weekday-Shopper
14702,0,0,High-Support,1,Broad-Explorer,0,Weekday-Shopper
13230,0,1,Low-Support,1,Broad-Explorer,0,Weekday-Shopper
13969,0,1,Low-Support,1,Broad-Explorer,0,Weekday-Shopper
17530,0,1,Low-Support,1,Broad-Explorer,0,Weekday-Shopper
15805,0,1,Low-Support,1,Broad-Explorer,0,Weekday-Shopper
17696,0,2,Serial-Canceller,0,Focused-Buyer,0,Weekday-Shopper
17076,0,1,Low-Support,0,Focused-Buyer,0,Weekday-Shopper
17827,0,1,Low-Support,1,Broad-Explorer,0,Weekday-Shopper
16265,0,1,Low-Support,1,Broad-Explorer,0,Weekday-Shopper
17880,1,1,Low-Support,0,Focused-Buyer,0,Weekday-Shopper
13000,1,0,High-Support,0,Focused-Buyer,0,Weekday-Shopper
17790,0,0,High-Support,1,Broad-Explorer,1,Weekend-Shopper
12731,0,1,Low-Support,0,Focused-Buyer,0,Weekday-Shopper
14419,0,1,Low-Support,1,Broad-Explorer,0,Weekday-Shopper
14082,1,1,Low-Support,0,Focused-Buyer,0,Weekday-Shopper
17912,1,1,Low-Support,0,Focused-Buyer,0,Weekday-Shopper
15723,1,0,High-Support,0,Focused-Buyer,0,Weekday-Shopper
16656,0,1,Low-Support,0,Focused-Buyer,0,Weekday-Shopper
14037,1,1,Low-Support,0,Focused-Buyer,0,Weekday-Shopper
14256,1,1,Low-Support,0,Focused-Buyer,0,Weekday-Shopper
14543,0,2,Serial-Canceller,0,Focused-Buyer,0,Weekday-Shopper
16062,0,1,Low-Support,0,Focused-Buyer,0,Weekday-Shopper
18116,0,1,Low-Support,1,Broad-Explorer,0,Weekday-Shopper
16019,0,1,Low-Support,1,Broad-Explorer,0,Weekday-Shopper
18178,1,1,Low-Support,0,Focused-Buyer,0,Weekday-Shopper
18065,0,0,High-Support,0,Focused-Buyer,0,Weekday-Shopper
13148,0,2,Serial-Canceller,1,Broad-Explorer,1,Weekend-Shopper
12989,0,1,Low-Support,0,Focused-Buyer,0,Weekday-Shopper
14107,0,1,Low-Support,0,Focused-Buyer,0,Weekday-Shopper
15881,1,1,Low-Support,0,Focused-Buyer,0,Weekday-Shopper
12785,0,1,Low-Support,0,Focused-Buyer,0,Weekday-Shopper
16727,1,0,High-Support,0,Focused-Buyer,0,Weekday-Shopper
15514,0,2,Serial-Canceller,0,Focused-Buyer,0,Weekday-Shopper
13787,0,1,Low-Support,0,Focused-Buyer,1,Weekend-Shopper
17865,0,2,Serial-Canceller,1,Broad-Explorer,0,Weekday-Shopper
17220,0,0,High-Support,1,Broad-Explorer,0,Weekday-Shopper
16565,1,1,Low-Support,0,Focused-Buyer,0,Weekday-Shopper
16873,0,2,Serial-Canceller,1,Broad-Explorer,0,Weekday-Shopper
14062,0,1,Low-Support,0,Focused-Buyer,0,Weekday-Shopper
15179,0,1,Low-Support,0,Focused-Buyer,0,Weekday-Shopper
18016,0,1,Low-Support,0,Focused-Buyer,0,Weekday-Shopper
14448,0,1,Low-Support,0,Focused-Buyer,0,Weekday-Shopper
15503,1,1,Low-Support,1,Broad-Explorer,1,Weekend-Shopper
17251,1,1,Low-Support,0,Focused-Buyer,1,Weekend-Shopper
16923,0,2,Serial-Canceller,1,Broad-Explorer,1,Weekend-Shopper
14159,0,1,Low-Support,1,Broad-Explorer,1,Weekend-Shopper
17126,1,1,Low-Support,1,Broad-Explorer,1,Weekend-Shopper
15224,1,1,Low-Support,0,Focused-Buyer,0,Weekday-Shopper
14577,0,1,Low-Support,0,Focused-Buyer,1,Weekend-Shopper
12753,0,2,Serial-Canceller,1,Broad-Explorer,0,Weekday-Shopper
17236,0,1,Low-Support,0,Focused-Buyer,1,Weekend-Shopper
17372,0,0,High-Support,1,Broad-Explorer,1,Weekend-Shopper
16367,0,1,Low-Support,1,Broad-Explorer,0,Weekday-Shopper
12875,1,0,High-Support,0,Focused-Buyer,0,Weekday-Shopper
17917,0,1,Low-Support,0,Focused-Buyer,0,Weekday-Shopper
16010,1,1,Low-Support,0,Focused-Buyer,1,Weekend-Shopper
17085,1,1,Low-Support,1,Broad-Explorer,1,Weekend-Shopper
13668,0,2,Serial-Canceller,1,Broad-Explorer,0,Weekday-Shopper
14684,0,1,Low-Support,1,Broad-Explorer,1,Weekend-Shopper
17188,0,0,High-Support,0,Focused-Buyer,0,Weekday-Shopper
15547,0,1,Low-Support,1,Broad-Explorer,1,Weekend-Shopper
15998,0,1,Low-Support,1,Broad-Explorer,0,Weekday-Shopper
14413,1,0,High-Support,0,Focused-Buyer,1,Weekend-Shopper
18004,1,1,Low-Support,0,Focused-Buyer,1,Weekend-Shopper
13959,0,1,Low-Support,0,Focused-Buyer,0,Weekday-Shopper
16665,1,0,High-Support,0,Focused-Buyer,1,Weekend-Shopper
15454,1,1,Low-Support,0,Focused-Buyer,1,Weekend-Shopper
15044,0,0,High-Support,1,Broad-Explorer,1,Weekend-Shopper
17937,0,1,Low-Support,0,Focused-Buyer,1,Weekend-Shopper
14608,0,0,High-Support,0,Focused-Buyer,0,Weekday-Shopper
17618,0,1,Low-Support,0,Focused-Buyer,1,Weekend-Shopper
14505,0,1,Low-Support,1,Broad-Explorer,0,Weekday-Shopper
18037,1,1,Low-Support,0,Focused-Buyer,0,Weekday-Shopper
13198,0,1,Low-Support,1,Broad-Explorer,0,Weekday-Shopper
12540,0,0,High-Support,1,Broad-Explorer,0,Weekday-Shopper
13225,0,1,Low-Support,0,Focused-Buyer,0,Weekday-Shopper
15361,1,0,High-Support,0,Focused-Buyer,0,Weekday-Shopper
15689,1,0,High-Support,0,Focused-Buyer,0,Weekday-Shopper
14290,0,1,Low-Support,0,Focused-Buyer,0,Weekday-Shopper
13209,0,1,Low-Support,1,Broad-Explorer,0,Weekday-Shopper
13999,0,1,Low-Support,0,Focused-Buyer,0,Weekday-Shopper
14498,0,0,High-Support,1,Broad-Explorer,0,Weekday-Shopper
15854,0,1,Low-Support,0,Focused-Buyer,0,Weekday-Shopper
16701,0,0,High-Support,0,Focused-Buyer,0,Weekday-Shopper
16927,1,1,Low-Support,0,Focused-Buyer,0,Weekday-Shopper
17990,1,1,Low-Support,0,Focused-Buyer,1,Weekend-Shopper
14544,0,0,High-Support,1,Broad-Explorer,0,Weekday-Shopper
17338,0,0,High-Support,1,Broad-Explorer,0,Weekday-Shopper
17231,0,1,Low-Support,1,Broad-Explorer,0,Weekday-Shopper
17799,0,1,Low-Support,1,Broad-Explorer,0,Weekday-Shopper
14565,1,1,Low-Support,1,Broad-Explorer,0,Weekday-Shopper
16726,0,1,Low-Support,1,Broad-Explorer,1,Weekend-Shopper
17303,1,0,High-Support,1,Broad-Explorer,0,Weekday-Shopper
14639,0,1,Low-Support,1,Broad-Explorer,0,Weekday-Shopper
17611,0,1,Low-Support,1,Broad-Explorer,1,Weekend-Shopper
17179,1,0,High-Support,0,Focused-Buyer,0,Weekday-Shopper
17524,1,1,Low-Support,0,Focused-Buyer,0,Weekday-Shopper
12476,0,2,Serial-Canceller,1,Broad-Explorer,0,Weekday-Shopper
17293,0,0,High-Support,0,Focused-Buyer,0,Weekday-Shopper
17890,1,1,Low-Support,1,Broad-Explorer,0,Weekday-Shopper
17375,1,1,Low-Support,0,Focused-Buyer,0,Weekday-Shopper
17371,0,1,Low-Support,0,Focused-Buyer,0,Weekday-Shopper
17969,1,0,High-Support,0,Focused-Buyer,0,Weekday-Shopper
15159,0,2,Serial-Canceller,1,Broad-Explorer,0,Weekday-Shopper
13211,0,1,Low-Support,0,Focused-Buyer,0,Weekday-Shopper
15777,1,0,High-Support,0,Focused-Buyer,0,Weekday-Shopper
14525,0,0,High-Support,1,Broad-Explorer,0,Weekday-Shopper
13324,0,0,High-Support,0,Focused-Buyer,1,Weekend-Shopper
13802,1,1,Low-Support,0,Focused-Buyer,0,Weekday-Shopper
13948,1,1,Low-Support,0,Focused-Buyer,0,Weekday-Shopper
13008,1,0,High-Support,0,Focused-Buyer,0,Weekday-Shopper
14206,1,1,Low-Support,0,Focused-Buyer,0,Weekday-Shopper
16202,1,0,High-Support,0,Focused-Buyer,0,Weekday-Shopper
16442,0,1,Low-Support,1,Broad-Explorer,0,Weekday-Shopper
18075,0,2,Serial-Canceller,0,Focused-Buyer,0,Weekday-Shopper
15468,0,0,High-Support,0,Focused-Buyer,0,Weekday-Shopper
16570,0,0,High-Support,0,Focused-Buyer,0,Weekday-Shopper
14524,0,1,Low-Support,1,Broad-Explorer,0,Weekday-Shopper
18141,1,3,High-Returner,0,Focused-Buyer,0,Weekday-Shopper
12434,0,1,Low-Support,0,Focused-Buyer,0,Weekday-Shopper
16810,1,1,Low-Support,0,Focused-Buyer,0,Weekday-Shopper
14961,0,1,Low-Support,1,Broad-Explorer,0,Weekday-Shopper
17041,0,1,Low-Support,0,Focused-Buyer,0,Weekday-Shopper
16458,0,1,Low-Support,0,Focused-Buyer,0,Weekday-Shopper
16083,1,1,Low-Support,0,Focused-Buyer,0,Weekday-Shopper
16262,1,3,High-Returner,0,Focused-Buyer,0,Weekday-Shopper
17194,1,0,High-Support,0,Focused-Buyer,0,Weekday-Shopper
14057,0,0,High-Support,1,Broad-Explorer,0,Weekday-Shopper
14871,0,0,High-Support,0,Focused-Buyer,0,Weekday-Shopper
13178,0,1,Low-Support,0,Focused-Buyer,0,Weekday-Shopper
18044,0,0,High-Support,0,Focused-Buyer,0,Weekday-Shopper
16812,1,1,Low-Support,0,Focused-Buyer,0,Weekday-Shopper
16191,0,2,Serial-Canceller,0,Focused-Buyer,0,Weekday-Shopper
12370,0,1,Low-Support,1,Broad-Explorer,0,Weekday-Shopper
14298,0,1,Low-Support,1,Broad-Explorer,0,Weekday-Shopper
17158,0,1,Low-Support,0,Focused-Buyer,0,Weekday-Shopper
14415,0,2,Serial-Canceller,1,Broad-Explorer,0,Weekday-Shopper
16899,0,1,Low-Support,0,Focused-Buyer,1,Weekend-Shopper
16531,0,1,Low-Support,0,Focused-Buyer,0,Weekday-Shopper
17404,0,0,High-Support,0,Focused-Buyer,0,Weekday-Shopper
16556,0,0,High-Support,1,Broad-Explorer,0,Weekday-Shopper
16805,1,0,High-Support,1,Broad-Explorer,0,Weekday-Shopper
16503,1,0,High-Support,0,Focused-Buyer,0,Weekday-Shopper
17739,0,0,High-Support,0,Focused-Buyer,0,Weekday-Shopper
13238,0,1,Low-Support,0,Focused-Buyer,0,Weekday-Shopper
12829,1,0,High-Support,0,Focused-Buyer,0,Weekday-Shopper
13097,0,2,Serial-Canceller,1,Broad-Explorer,0,Weekday-Shopper
12867,0,2,Serial-Canceller,1,Broad-Explorer,0,Weekday-Shopper
15392,0,1,Low-Support,0,Focused-Buyer,0,Weekday-Shopper
13846,0,1,Low-Support,0,Focused-Buyer,0,Weekday-Shopper
14401,0,1,Low-Support,0,Focused-Buyer,0,Weekday-Shopper
16145,0,2,Serial-Canceller,1,Broad-Explorer,0,Weekday-Shopper
17629,0,0,High-Support,0,Focused-Buyer,1,Weekend-Shopper
14150,0,1,Low-Support,0,Focused-Buyer,0,Weekday-Shopper
13496,0,1,Low-Support,0,Focused-Buyer,0,Weekday-Shopper
13611,0,1,Low-Support,0,Focused-Buyer,1,Weekend-Shopper
16954,0,1,Low-Support,0,Focused-Buyer,0,Weekday-Shopper
17454,1,0,High-Support,0,Focused-Buyer,1,Weekend-Shopper
17449,0,0,High-Support,1,Broad-Explorer,0,Weekday-Shopper
17230,1,1,Low-Support,0,Focused-Buyer,0,Weekday-Shopper
12865,0,0,High-Support,0,Focused-Buyer,0,Weekday-Shopper
15950,0,1,Low-Support,0,Focused-Buyer,0,Weekday-Shopper
15512,1,1,Low-Support,0,Focused-Buyer,0,Weekday-Shopper
17525,1,0,High-Support,0,Focused-Buyer,0,Weekday-Shopper
13458,0,2,Serial-Canceller,1,Broad-Explorer,0,Weekday-Shopper
14426,0,2,Serial-Canceller,1,Broad-Explorer,0,Weekday-Shopper
16003,0,1,Low-Support,0,Focused-Buyer,0,Weekday-Shopper
13092,0,1,Low-Support,0,Focused-Buyer,0,Weekday-Shopper
13426,0,0,High-Support,0,Focused-Buyer,0,Weekday-Shopper
15101,0,1,Low-Support,0,Focused-Buyer,0,Weekday-Shopper
17033,0,1,Low-Support,0,Focused-Buyer,0,Weekday-Shopper
13221,1,0,High-Support,0,Focused-Buyer,0,Weekday-Shopper
14201,0,1,Low-Support,0,Focused-Buyer,0,Weekday-Shopper
17692,1,0,High-Support,0,Focused-Buyer,0,Weekday-Shopper
15822,0,1,Low-Support,0,Focused-Buyer,0,Weekday-Shopper
16134,0,1,Low-Support,0,Focused-Buyer,0,Weekday-Shopper
17551,1,1,Low-Support,0,Focused-Buyer,0,Weekday-Shopper
18050,1,1,Low-Support,0,Focused-Buyer,0,Weekday-Shopper
14913,0,0,High-Support,0,Focused-Buyer,0,Weekday-Shopper
12666,1,3,High-Returner,0,Focused-Buyer,0,Weekday-Shopper
15641,1,1,Low-Support,1,Broad-Explorer,0,Weekday-Shopper
13124,0,1,Low-Support,1,Broad-Explorer,0,Weekday-Shopper
17214,0,1,Low-Support,0,Focused-Buyer,0,Weekday-Shopper
15456,1,1,Low-Support,0,Focused-Buyer,0,Weekday-Shopper
15062,0,1,Low-Support,0,Focused-Buyer,0,Weekday-Shopper
12928,0,1,Low-Support,0,Focused-Buyer,0,Weekday-Shopper
15727,0,1,Low-Support,1,Broad-Explorer,0,Weekday-Shopper
17980,1,1,Low-Support,0,Focused-Buyer,0,Weekday-Shopper
15290,0,1,Low-Support,0,Focused-Buyer,0,Weekday-Shopper
17752,1,1,Low-Support,0,Focused-Buyer,0,Weekday-Shopper
15615,0,1,Low-Support,1,Broad-Explorer,0,Weekday-Shopper
12577,0,1,Low-Support,1,Broad-Explorer,0,Weekday-Shopper
17044,0,3,High-Returner,0,Focused-Buyer,0,Weekday-Shopper
13829,1,3,High-Returner,0,Focused-Buyer,0,Weekday-Shopper
17633,0,0,High-Support,0,Focused-Buyer,0,Weekday-Shopper
13266,0,2,Serial-Canceller,0,Focused-Buyer,0,Weekday-Shopper
17820,1,3,High-Returner,0,Focused-Buyer,0,Weekday-Shopper
15664,0,0,High-Support,0,Focused-Buyer,0,Weekday-Shopper
17189,1,1,Low-Support,0,Focused-Buyer,0,Weekday-Shopper
17496,1,0,High-Support,0,Focused-Buyer,0,Weekday-Shopper
16607,0,1,Low-Support,1,Broad-Explorer,0,Weekday-Shopper
13317,0,2,Serial-Canceller,0,Focused-Buyer,0,Weekday-Shopper
13890,0,0,High-Support,0,Focused-Buyer,0,Weekday-Shopper
17001,0,1,Low-Support,0,Focused-Buyer,0,Weekday-Shopper
15246,1,0,High-Support,0,Focused-Buyer,0,Weekday-Shopper
16996,0,1,Low-Support,0,Focused-Buyer,0,Weekday-Shopper
15482,0,2,Serial-Canceller,0,Focused-Buyer,0,Weekday-Shopper
16037,1,1,Low-Support,0,Focused-Buyer,0,Weekday-Shopper
14841,0,1,Low-Support,0,Focused-Buyer,0,Weekday-Shopper
16670,0,2,Serial-Canceller,1,Broad-Explorer,0,Weekday-Shopper
16985,0,1,Low-Support,0,Focused-Buyer,0,Weekday-Shopper
16705,0,2,Serial-Canceller,1,Broad-Explorer,0,Weekday-Shopper
16470,0,1,Low-Support,1,Broad-Explorer,0,Weekday-Shopper
14414,1,1,Low-Support,0,Focused-Buyer,0,Weekday-Shopper
15563,0,1,Low-Support,0,Focused-Buyer,0,Weekday-Shopper
12980,1,1,Low-Support,0,Focused-Buyer,0,Weekday-Shopper
16746,0,1,Low-Support,1,Broad-Explorer,1,Weekend-Shopper
14878,0,1,Low-Support,0,Focused-Buyer,1,Weekend-Shopper
16743,0,1,Low-Support,0,Focused-Buyer,0,Weekday-Shopper
17146,1,1,Low-Support,0,Focused-Buyer,0,Weekday-Shopper
12877,0,0,High-Support,0,Focused-Buyer,0,Weekday-Shopper
15394,0,1,Low-Support,0,Focused-Buyer,0,Weekday-Shopper
14621,0,0,High-Support,0,Focused-Buyer,0,Weekday-Shopper
15379,1,1,Low-Support,1,Broad-Explorer,0,Weekday-Shopper
14309,0,1,Low-Support,0,Focused-Buyer,0,Weekday-Shopper
17288,0,1,Low-Support,1,Broad-Explorer,1,Weekend-Shopper
14709,0,1,Low-Support,0,Focused-Buyer,0,Weekday-Shopper
15157,0,1,Low-Support,1,Broad-Explorer,0,Weekday-Shopper
17744,0,1,Low-Support,1,Broad-Explorer,0,Weekday-Shopper
16316,0,1,Low-Support,1,Broad-Explorer,0,Weekday-Shopper
15620,0,1,Low-Support,0,Focused-Buyer,0,Weekday-Shopper
15789,1,1,Low-Support,0,Focused-Buyer,0,Weekday-Shopper
16560,0,0,High-Support,0,Focused-Buyer,1,Weekend-Shopper
13534,0,2,Serial-Canceller,0,Focused-Buyer,0,Weekday-Shopper
17580,1,1,Low-Support,0,Focused-Buyer,0,Weekday-Shopper
14777,0,3,High-Returner,0,Focused-Buyer,0,Weekday-Shopper
15759,1,1,Low-Support,0,Focused-Buyer,0,Weekday-Shopper
14373,1,1,Low-Support,0,Focused-Buyer,0,Weekday-Shopper
18176,1,1,Low-Support,0,Focused-Buyer,0,Weekday-Shopper
15366,0,0,High-Support,0,Focused-Buyer,1,Weekend-Shopper
14735,0,2,Serial-Canceller,0,Focused-Buyer,0,Weekday-Shopper
16271,0,1,Low-Support,0,Focused-Buyer,0,Weekday-Shopper
18223,0,2,Serial-Canceller,0,Focused-Buyer,0,Weekday-Shopper
15532,0,0,High-Support,1,Broad-Explorer,1,Weekend-Shopper
16816,1,0,High-Support,0,Focused-Buyer,1,Weekend-Shopper
16684,0,1,Low-Support,0,Focused-Buyer,0,Weekday-Shopper
14334,0,1,Low-Support,0,Focused-Buyer,0,Weekday-Shopper
16945,0,0,High-Support,1,Broad-Explorer,0,Weekday-Shopper
14643,1,1,Low-Support,0,Focused-Buyer,0,Weekday-Shopper
15197,0,1,Low-Support,0,Focused-Buyer,0,Weekday-Shopper
14220,1,0,High-Support,0,Focused-Buyer,0,Weekday-Shopper
13874,1,1,Low-Support,0,Focused-Buyer,0,Weekday-Shopper
18260,1,0,High-Support,0,Focused-Buyer,0,Weekday-Shopper
17848,0,1,Low-Support,0,Focused-Buyer,0,Weekday-Shopper
17392,1,0,High-Support,0,Focused-Buyer,0,Weekday-Shopper
12348,0,1,Low-Support,0,Focused-Buyer,0,Weekday-Shopper
14985,1,0,High-Support,1,Broad-Explorer,0,Weekday-Shopper
13004,0,1,Low-Support,1,Broad-Explorer,0,Weekday-Shopper
14560,0,0,High-Support,0,Focused-Buyer,0,Weekday-Shopper
12931,0,2,Serial-Canceller,0,Focused-Buyer,0,Weekday-Shopper
13627,0,1,Low-Support,0,Focused-Buyer,0,Weekday-Shopper
12551,1,1,Low-Support,0,Focused-Buyer,0,Weekday-Shopper
12782,0,0,High-Support,0,Focused-Buyer,0,Weekday-Shopper
14769,0,0,High-Support,1,Broad-Explorer,1,Weekend-Shopper
15780,1,1,Low-Support,0,Focused-Buyer,0,Weekday-Shopper
12417,0,1,Low-Support,1,Broad-Explorer,0,Weekday-Shopper
17315,0,2,Serial-Canceller,1,Broad-Explorer,0,Weekday-Shopper
16711,0,1,Low-Support,0,Focused-Buyer,0,Weekday-Shopper
12726,0,0,High-Support,0,Focused-Buyer,0,Weekday-Shopper
15204,1,1,Low-Support,0,Focused-Buyer,0,Weekday-Shopper
17888,0,2,Serial-Canceller,0,Focused-Buyer,0,Weekday-Shopper
17007,0,1,Low-Support,0,Focused-Buyer,0,Weekday-Shopper
15160,1,1,Low-Support,0,Focused-Buyer,0,Weekday-Shopper
14016,1,1,Low-Support,1,Broad-Explorer,0,Weekday-Shopper
13033,1,1,Low-Support,0,Focused-Buyer,0,Weekday-Shopper
12691,0,1,Low-Support,0,Focused-Buyer,0,Weekday-Shopper
13869,1,1,Low-Support,1,Broad-Explorer,0,Weekday-Shopper
14146,0,2,Serial-Canceller,1,Broad-Explorer,0,Weekday-Shopper
12705,0,2,Serial-Canceller,1,Broad-Explorer,0,Weekday-Shopper
16885,0,0,High-Support,0,Focused-Buyer,0,Weekday-Shopper
17913,0,0,High-Support,0,Focused-Buyer,1,Weekend-Shopper
12668,0,1,Low-Support,1,Broad-Explorer,0,Weekday-Shopper
14472,1,0,High-Support,1,Broad-Explorer,1,Weekend-Shopper
17358,1,1,Low-Support,0,Focused-Buyer,1,Weekend-Shopper
16686,0,0,High-Support,1,Broad-Explorer,1,Weekend-Shopper
18245,0,1,Low-Support,1,Broad-Explorer,0,Weekday-Shopper
17343,1,1,Low-Support,0,Focused-Buyer,1,Weekend-Shopper
18256,1,3,High-Returner,0,Focused-Buyer,0,Weekday-Shopper
16153,0,1,Low-Support,0,Focused-Buyer,0,Weekday-Shopper
12377,1,0,High-Support,0,Focused-Buyer,0,Weekday-Shopper
14646,0,0,High-Support,1,Broad-Explorer,0,Weekday-Shopper
12944,0,1,Low-Support,0,Focused-Buyer,0,Weekday-Shopper
15312,0,1,Low-Support,0,Focused-Buyer,1,Weekend-Shopper
14099,0,1,Low-Support,1,Broad-Explorer,0,Weekday-Shopper
14113,0,1,Low-Support,0,Focused-Buyer,0,Weekday-Shopper
13104,0,1,Low-Support,0,Focused-Buyer,0,Weekday-Shopper
17204,1,2,Serial-Canceller,0,Focused-Buyer,0,Weekday-Shopper
13027,1,1,Low-Support,0,Focused-Buyer,0,Weekday-Shopper
17621,0,1,Low-Support,0,Focused-Buyer,0,Weekday-Shopper
17090,0,1,Low-Support,0,Focused-Buyer,0,Weekday-Shopper
14119,1,3,High-Returner,0,Focused-Buyer,0,Weekday-Shopper
15527,0,1,Low-Support,1,Broad-Explorer,0,Weekday-Shopper
18097,0,1,Low-Support,0,Focused-Buyer,0,Weekday-Shopper
15460,1,1,Low-Support,1,Broad-Explorer,0,Weekday-Shopper
15034,0,1,Low-Support,1,Broad-Explorer,0,Weekday-Shopper
12423,0,1,Low-Support,0,Focused-Buyer,0,Weekday-Shopper
12678,0,1,Low-Support,0,Focused-Buyer,0,Weekday-Shopper
15208,0,0,High-Support,0,Focused-Buyer,0,Weekday-Shopper
17306,0,1,Low-Support,0,Focused-Buyer,0,Weekday-Shopper
14737,0,1,Low-Support,0,Focused-Buyer,0,Weekday-Shopper
13029,0,1,Low-Support,0,Focused-Buyer,1,Weekend-Shopper
16270,1,1,Low-Support,1,Broad-Explorer,0,Weekday-Shopper
13487,0,1,Low-Support,0,Focused-Buyer,0,Weekday-Shopper
12515,1,1,Low-Support,0,Focused-Buyer,0,Weekday-Shopper
17400,1,1,Low-Support,1,Broad-Explorer,0,Weekday-Shopper
17593,0,0,High-Support,1,Broad-Explorer,1,Weekend-Shopper
13953,0,1,Low-Support,0,Focused-Buyer,0,Weekday-Shopper
14533,0,1,Low-Support,0,Focused-Buyer,1,Weekend-Shopper
12734,1,1,Low-Support,0,Focused-Buyer,0,Weekday-Shopper
14944,0,1,Low-Support,0,Focused-Buyer,0,Weekday-Shopper
17239,1,1,Low-Support,0,Focused-Buyer,0,Weekday-Shopper
14532,1,1,Low-Support,0,Focused-Buyer,1,Weekend-Shopper
12383,1,1,Low-Support,0,Focused-Buyer,0,Weekday-Shopper
15562,1,1,Low-Support,0,Focused-Buyer,0,Weekday-Shopper
15587,0,0,High-Support,0,Focused-Buyer,0,Weekday-Shopper
13922,1,0,High-Support,0,Focused-Buyer,0,Weekday-Shopper
13817,0,1,Low-Support,0,Focused-Buyer,0,Weekday-Shopper
12585,1,2,Serial-Canceller,0,Focused-Buyer,0,Weekday-Shopper
13165,0,1,Low-Support,0,Focused-Buyer,0,Weekday-Shopper
13304,1,0,High-Support,0,Focused-Buyer,0,Weekday-Shopper
13313,0,1,Low-Support,0,Focused-Buyer,0,Weekday-Shopper
16875,0,2,Serial-Canceller,0,Focused-Buyer,0,Weekday-Shopper
16282,1,1,Low-Support,0,Focused-Buyer,0,Weekday-Shopper
12957,0,1,Low-Support,1,Broad-Explorer,0,Weekday-Shopper
14462,0,1,Low-Support,1,Broad-Explorer,0,Weekday-Shopper
13397,0,0,High-Support,0,Focused-Buyer,0,Weekday-Shopper
13680,0,2,Serial-Canceller,1,Broad-Explorer,0,Weekday-Shopper
12483,0,0,High-Support,0,Focused-Buyer,0,Weekday-Shopper
15164,0,1,Low-Support,0,Focused-Buyer,1,Weekend-Shopper
17457,1,0,High-Support,0,Focused-Buyer,0,Weekday-Shopper
14732,0,0,High-Support,0,Focused-Buyer,0,Weekday-Shopper
14221,0,0,High-Support,1,Broad-Explorer,0,Weekday-Shopper
14553,0,0,High-Support,1,Broad-Explorer,1,Weekend-Shopper
13253,1,1,Low-Support,0,Focused-Buyer,0,Weekday-Shopper
17389,0,2,Serial-Canceller,0,Focused-Buyer,0,Weekday-Shopper
12578,0,0,High-Support,1,Broad-Explorer,0,Weekday-Shopper
15841,0,1,Low-Support,0,Focused-Buyer,0,Weekday-Shopper
16112,1,0,High-Support,0,Focused-Buyer,0,Weekday-Shopper
13629,0,1,Low-Support,0,Focused-Buyer,0,Weekday-Shopper
16600,0,1,Low-Support,0,Focused-Buyer,0,Weekday-Shopper
15661,1,1,Low-Support,0,Focused-Buyer,0,Weekday-Shopper
16532,0,1,Low-Support,0,Focused-Buyer,0,Weekday-Shopper
15266,1,0,High-Support,0,Focused-Buyer,0,Weekday-Shopper
14653,0,0,High-Support,1,Broad-Explorer,0,Weekday-Shopper
16771,0,0,High-Support,1,Broad-Explorer,0,Weekday-Shopper
17585,1,1,Low-Support,1,Broad-Explorer,0,Weekday-Shopper
15046,0,1,Low-Support,1,Broad-Explorer,0,Weekday-Shopper
13082,1,1,Low-Support,0,Focused-Buyer,0,Weekday-Shopper
15464,1,0,High-Support,1,Broad-Explorer,0,Weekday-Shopper
18226,0,0,High-Support,1,Broad-Explorer,0,Weekday-Shopper
18062,1,0,High-Support,0,Focused-Buyer,0,Weekday-Shopper
12415,0,2,Serial-Canceller,1,Broad-Explorer,0,Weekday-Shopper
12503,1,3,High-Returner,0,Focused-Buyer,0,Weekday-Shopper
17368,0,2,Serial-Canceller,0,Focused-Buyer,0,Weekday-Shopper
14258,0,0,High-Support,0,Focused-Buyer,0,Weekday-Shopper
15719,0,1,Low-Support,1,Broad-Explorer,0,Weekday-Shopper
13368,1,1,Low-Support,0,Focused-Buyer,0,Weekday-Shopper
17634,0,1,Low-Support,1,Broad-Explorer,0,Weekday-Shopper
16676,0,0,High-Support,0,Focused-Buyer,0,Weekday-Shopper
16424,1,1,Low-Support,0,Focused-Buyer,0,Weekday-Shopper
18283,0,1,Low-Support,1,Broad-Explorer,0,Weekday-Shopper
12735,1,1,Low-Support,0,Focused-Buyer,0,Weekday-Shopper
13764,0,0,High-Support,1,Broad-Explorer,0,Weekday-Shopper
13656,1,1,Low-Support,0,Focused-Buyer,0,Weekday-Shopper
12413,0,1,Low-Support,0,Focused-Buyer,0,Weekday-Shopper
14312,0,1,Low-Support,0,Focused-Buyer,0,Weekday-Shopper
13280,1,0,High-Support,0,Focused-Buyer,0,Weekday-Shopper
15845,0,1,Low-Support,0,Focused-Buyer,0,Weekday-Shopper
16094,0,1,Low-Support,0,Focused-Buyer,0,Weekday-Shopper
13187,1,1,Low-Support,0,Focused-Buyer,0,Weekday-Shopper
16567,1,1,Low-Support,0,Focused-Buyer,0,Weekday-Shopper
14828,1,0,High-Support,0,Focused-Buyer,0,Weekday-Shopper
12530,0,1,Low-Support,0,Focused-Buyer,0,Weekday-Shopper
16551,1,1,Low-Support,0,Focused-Buyer,0,Weekday-Shopper
16889,1,1,Low-Support,1,Broad-Explorer,1,Weekend-Shopper
16473,1,1,Low-Support,0,Focused-Buyer,0,Weekday-Shopper
13750,0,1,Low-Support,0,Focused-Buyer,0,Weekday-Shopper
12501,1,2,Serial-Canceller,1,Broad-Explorer,0,Weekday-Shopper
15607,1,1,Low-Support,0,Focused-Buyer,0,Weekday-Shopper
15139,1,1,Low-Support,0,Focused-Buyer,0,Weekday-Shopper
12489,1,1,Low-Support,0,Focused-Buyer,0,Weekday-Shopper
17707,1,1,Low-Support,0,Focused-Buyer,0,Weekday-Shopper
18198,0,1,Low-Support,0,Focused-Buyer,0,Weekday-Shopper
12484,0,1,Low-Support,1,Broad-Explorer,0,Weekday-Shopper
18179,0,1,Low-Support,0,Focused-Buyer,0,Weekday-Shopper
17284,0,1,Low-Support,1,Broad-Explorer,0,Weekday-Shopper
13233,0,1,Low-Support,0,Focused-Buyer,0,Weekday-Shopper
14889,1,1,Low-Support,0,Focused-Buyer,0,Weekday-Shopper
12480,0,0,High-Support,1,Broad-Explorer,0,Weekday-Shopper
14672,1,1,Low-Support,0,Focused-Buyer,0,Weekday-Shopper
13593,1,1,Low-Support,0,Focused-Buyer,0,Weekday-Shopper
13162,1,0,High-Support,0,Focused-Buyer,1,Weekend-Shopper
13183,0,0,High-Support,0,Focused-Buyer,1,Weekend-Shopper
17095,0,1,Low-Support,0,Focused-Buyer,0,Weekday-Shopper
12939,0,1,Low-Support,0,Focused-Buyer,0,Weekday-Shopper
15611,0,1,Low-Support,0,Focused-Buyer,0,Weekday-Shopper
17114,0,1,Low-Support,0,Focused-Buyer,1,Weekend-Shopper
15059,0,1,Low-Support,1,Broad-Explorer,1,Weekend-Shopper
16326,0,0,High-Support,1,Broad-Explorer,1,Weekend-Shopper
17128,1,0,High-Support,0,Focused-Buyer,1,Weekend-Shopper
14761,0,1,Low-Support,0,Focused-Buyer,1,Weekend-Shopper
17555,0,0,High-Support,1,Broad-Explorer,1,Weekend-Shopper
12651,1,0,High-Support,0,Focused-Buyer,1,Weekend-Shopper
16735,0,1,Low-Support,0,Focused-Buyer,1,Weekend-Shopper
16833,0,1,Low-Support,0,Focused-Buyer,1,Weekend-Shopper
17800,0,0,High-Support,0,Focused-Buyer,0,Weekday-Shopper
16748,0,0,High-Support,0,Focused-Buyer,0,Weekday-Shopper
14755,0,1,Low-Support,1,Broad-Explorer,0,Weekday-Shopper
16549,0,0,High-Support,1,Broad-Explorer,0,Weekday-Shopper
13565,0,1,Low-Support,0,Focused-Buyer,1,Weekend-Shopper
15799,0,1,Low-Support,1,Broad-Explorer,1,Weekend-Shopper
18032,1,1,Low-Support,0,Focused-Buyer,1,Weekend-Shopper
13451,0,1,Low-Support,1,Broad-Explorer,0,Weekday-Shopper
14794,0,1,Low-Support,0,Focused-Buyer,0,Weekday-Shopper
12539,0,1,Low-Support,1,Broad-Explorer,0,Weekday-Shopper
12500,0,1,Low-Support,0,Focused-Buyer,0,Weekday-Shopper
18171,0,1,Low-Support,0,Focused-Buyer,0,Weekday-Shopper
16279,0,1,Low-Support,1,Broad-Explorer,0,Weekday-Shopper
12524,0,1,Low-Support,1,Broad-Explorer,0,Weekday-Shopper
17811,0,2,Serial-Canceller,1,Broad-Explorer,0,Weekday-Shopper
16850,1,1,Low-Support,0,Focused-Buyer,0,Weekday-Shopper
14321,0,1,Low-Support,1,Broad-Explorer,0,Weekday-Shopper
15326,1,1,Low-Support,0,Focused-Buyer,0,Weekday-Shopper
17849,1,0,High-Support,0,Focused-Buyer,0,Weekday-Shopper
13672,1,3,High-Returner,0,Focused-Buyer,0,Weekday-Shopper
14229,0,1,Low-Support,0,Focused-Buyer,0,Weekday-Shopper
13107,0,1,Low-Support,0,Focused-Buyer,0,Weekday-Shopper
16497,0,1,Low-Support,1,Broad-Explorer,0,Weekday-Shopper
16303,0,0,High-Support,1,Broad-Explorer,0,Weekday-Shopper
15281,0,2,Serial-Canceller,1,Broad-Explorer,0,Weekday-Shopper
12736,1,0,High-Support,0,Focused-Buyer,0,Weekday-Shopper
13473,0,1,Low-Support,0,Focused-Buyer,0,Weekday-Shopper
14320,1,3,High-Returner,0,Focused-Buyer,0,Weekday-Shopper
12393,0,0,High-Support,0,Focused-Buyer,0,Weekday-Shopper
17742,1,1,Low-Support,0,Focused-Buyer,0,Weekday-Shopper
16351,1,1,Low-Support,0,Focused-Buyer,0,Weekday-Shopper
12601,1,1,Low-Support,0,Focused-Buyer,0,Weekday-Shopper
13144,1,1,Low-Support,0,Focused-Buyer,0,Weekday-Shopper
15346,1,0,High-Support,0,Focused-Buyer,0,Weekday-Shopper
15370,0,1,Low-Support,0,Focused-Buyer,0,Weekday-Shopper
12643,1,1,Low-Support,0,Focused-Buyer,0,Weekday-Shopper
14295,0,3,High-Returner,0,Focused-Buyer,1,Weekend-Shopper
16034,1,1,Low-Support,0,Focused-Buyer,0,Weekday-Shopper
17365,0,0,High-Support,1,Broad-Explorer,0,Weekday-Shopper
15189,0,2,Serial-Canceller,0,Focused-Buyer,0,Weekday-Shopper
14669,1,1,Low-Support,1,Broad-Explorer,0,Weekday-Shopper
18095,1,1,Low-Support,0,Focused-Buyer,0,Weekday-Shopper
15518,0,1,Low-Support,1,Broad-Explorer,1,Weekend-Shopper
15749,1,3,High-Returner,0,Focused-Buyer,0,Weekday-Shopper
14209,0,1,Low-Support,0,Focused-Buyer,0,Weekday-Shopper
15569,1,1,Low-Support,0,Focused-Buyer,1,Weekend-Shopper
12728,0,1,Low-Support,0,Focused-Buyer,0,Weekday-Shopper
17569,1,0,High-Support,0,Focused-Buyer,0,Weekday-Shopper
13784,0,1,Low-Support,0,Focused-Buyer,0,Weekday-Shopper
12724,0,0,High-Support,0,Focused-Buyer,0,Weekday-Shopper
13862,0,1,Low-Support,0,Focused-Buyer,0,Weekday-Shopper
16791,0,1,Low-Support,1,Broad-Explorer,0,Weekday-Shopper
16235,0,1,Low-Support,0,Focused-Buyer,0,Weekday-Shopper
14270,1,0,High-Support,0,Focused-Buyer,0,Weekday-Shopper
12665,1,3,High-Returner,0,Focused-Buyer,0,Weekday-Shopper
12523,0,1,Low-Support,0,Focused-Buyer,0,Weekday-Shopper
16655,0,1,Low-Support,1,Broad-Explorer,1,Weekend-Shopper
16359,0,1,Low-Support,0,Focused-Buyer,0,Weekday-Shopper
16554,0,2,Serial-Canceller,0,Focused-Buyer,0,Weekday-Shopper
12359,0,0,High-Support,1,Broad-Explorer,0,Weekday-Shopper
15939,0,1,Low-Support,0,Focused-Buyer,0,Weekday-Shopper
14587,0,0,High-Support,1,Broad-Explorer,0,Weekday-Shopper
14715,0,1,Low-Support,0,Focused-Buyer,0,Weekday-Shopper
14185,1,1,Low-Support,0,Focused-Buyer,0,Weekday-Shopper
12437,0,1,Low-Support,0,Focused-Buyer,0,Weekday-Shopper
14040,0,1,Low-Support,1,Broad-Explorer,1,Weekend-Shopper
12652,1,1,Low-Support,0,Focused-Buyer,0,Weekday-Shopper
14514,0,1,Low-Support,0,Focused-Buyer,1,Weekend-Shopper
15171,1,3,High-Returner,0,Focused-Buyer,0,Weekday-Shopper
14167,0,0,High-Support,0,Focused-Buyer,0,Weekday-Shopper
17048,1,1,Low-Support,0,Focused-Buyer,0,Weekday-Shopper
17364,0,1,Low-Support,1,Broad-Explorer,0,Weekday-Shopper
13284,1,1,Low-Support,0,Focused-Buyer,0,Weekday-Shopper
16500,0,1,Low-Support,0,Focused-Buyer,0,Weekday-Shopper
12951,0,1,Low-Support,0,Focused-Buyer,0,Weekday-Shopper
15835,0,1,Low-Support,0,Focused-Buyer,0,Weekday-Shopper
18190,1,0,High-Support,0,Focused-Buyer,0,Weekday-Shopper
13993,0,1,Low-Support,0,Focused-Buyer,0,Weekday-Shopper
14114,1,1,Low-Support,0,Focused-Buyer,0,Weekday-Shopper
15447,1,0,High-Support,0,Focused-Buyer,0,Weekday-Shopper
16315,1,1,Low-Support,0,Focused-Buyer,0,Weekday-Shopper
14978,0,0,High-Support,1,Broad-Explorer,0,Weekday-Shopper
16395,0,1,Low-Support,1,Broad-Explorer,0,Weekday-Shopper
15510,1,1,Low-Support,0,Focused-Buyer,0,Weekday-Shopper
13614,0,1,Low-Support,1,Broad-Explorer,0,Weekday-Shopper
13246,0,1,Low-Support,1,Broad-Explorer,0,Weekday-Shopper
15687,0,0,High-Support,1,Broad-Explorer,0,Weekday-Shopper
16493,0,1,Low-Support,0,Focused-Buyer,1,Weekend-Shopper
12490,0,1,Low-Support,1,Broad-Explorer,0,Weekday-Shopper
12672,1,1,Low-Support,0,Focused-Buyer,0,Weekday-Shopper
13385,1,1,Low-Support,0,Focused-Buyer,0,Weekday-Shopper
15626,0,0,High-Support,0,Focused-Buyer,0,Weekday-Shopper
12553,0,0,High-Support,0,Focused-Buyer,0,Weekday-Shopper
15213,1,1,Low-Support,0,Focused-Buyer,0,Weekday-Shopper
14175,0,2,Serial-Canceller,1,Broad-Explorer,0,Weekday-Shopper
18106,1,0,High-Support,0,Focused-Buyer,0,Weekday-Shopper
15033,0,1,Low-Support,1,Broad-Explorer,0,Weekday-Shopper
14329,0,2,Serial-Canceller,1,Broad-Explorer,0,Weekday-Shopper
16401,0,2,Serial-Canceller,0,Focused-Buyer,1,Weekend-Shopper
16206,0,1,Low-Support,0,Focused-Buyer,1,Weekend-Shopper
13782,0,1,Low-Support,0,Focused-Buyer,1,Weekend-Shopper
12924,0,0,High-Support,0,Focused-Buyer,0,Weekday-Shopper
16593,0,1,Low-Support,0,Focused-Buyer,0,Weekday-Shopper
13700,0,1,Low-Support,1,Broad-Explorer,0,Weekday-Shopper
13064,0,1,Low-Support,0,Focused-Buyer,1,Weekend-Shopper
13048,0,1,Low-Support,0,Focused-Buyer,0,Weekday-Shopper
18069,0,1,Low-Support,1,Broad-Explorer,0,Weekday-Shopper
13634,0,1,Low-Support,1,Broad-Explorer,1,Weekend-Shopper
16843,0,1,Low-Support,1,Broad-Explorer,0,Weekday-Shopper
17064,0,1,Low-Support,0,Focused-Buyer,1,Weekend-Shopper
17609,0,1,Low-Support,1,Broad-Explorer,1,Weekend-Shopper
15673,0,0,High-Support,1,Broad-Explorer,0,Weekday-Shopper
12626,0,2,Serial-Canceller,1,Broad-Explorer,0,Weekday-Shopper
14976,0,0,High-Support,0,Focused-Buyer,0,Weekday-Shopper
12388,0,0,High-Support,0,Focused-Buyer,0,Weekday-Shopper
13527,0,1,Low-Support,1,Broad-Explorer,1,Weekend-Shopper
15696,0,1,Low-Support,1,Broad-Explorer,1,Weekend-Shopper
15316,1,1,Low-Support,0,Focused-Buyer,0,Weekday-Shopper
12673,0,0,High-Support,0,Focused-Buyer,0,Weekday-Shopper
15296,0,1,Low-Support,1,Broad-Explorer,0,Weekday-Shopper
17988,0,0,High-Support,0,Focused-Buyer,0,Weekday-Shopper
12820,0,0,High-Support,0,Focused-Buyer,0,Weekday-Shopper
13001,0,1,Low-Support,1,Broad-Explorer,0,Weekday-Shopper
14101,0,1,Low-Support,0,Focused-Buyer,0,Weekday-Shopper
14238,1,1,Low-Support,0,Focused-Buyer,0,Weekday-Shopper
17730,0,1,Low-Support,1,Broad-Explorer,0,Weekday-Shopper
13929,1,1,Low-Support,0,Focused-Buyer,0,Weekday-Shopper
14657,0,1,Low-Support,1,Broad-Explorer,0,Weekday-Shopper
13859,1,1,Low-Support,0,Focused-Buyer,0,Weekday-Shopper
18212,1,0,High-Support,0,Focused-Buyer,0,Weekday-Shopper
14292,0,1,Low-Support,0,Focused-Buyer,0,Weekday-Shopper
13883,0,2,Serial-Canceller,0,Focused-Buyer,0,Weekday-Shopper
18233,1,1,Low-Support,0,Focused-Buyer,0,Weekday-Shopper
17018,0,0,High-Support,0,Focused-Buyer,1,Weekend-Shopper
14242,1,1,Low-Support,0,Focused-Buyer,0,Weekday-Shopper
12356,0,1,Low-Support,0,Focused-Buyer,0,Weekday-Shopper
12346,1,3,High-Returner,0,Focused-Buyer,0,Weekday-Shopper
13898,1,1,Low-Support,0,Focused-Buyer,0,Weekday-Shopper
16948,1,0,High-Support,0,Focused-Buyer,1,Weekend-Shopper
16997,1,1,Low-Support,0,Focused-Buyer,0,Weekday-Shopper
12527,0,1,Low-Support,0,Focused-Buyer,0,Weekday-Shopper
15395,1,1,Low-Support,0,Focused-Buyer,0,Weekday-Shopper
12510,1,1,Low-Support,0,Focused-Buyer,0,Weekday-Shopper
13693,1,3,High-Returner,0,Focused-Buyer,0,Weekday-Shopper
13263,0,1,Low-Support,1,Broad-Explorer,0,Weekday-Shopper
14428,0,1,Low-Support,0,Focused-Buyer,0,Weekday-Shopper
12451,0,0,High-Support,1,Broad-Explorer,0,Weekday-Shopper
12422,1,1,Low-Support,0,Focused-Buyer,0,Weekday-Shopper
17708,1,1,Low-Support,0,Focused-Buyer,0,Weekday-Shopper
14090,1,1,Low-Support,0,Focused-Buyer,0,Weekday-Shopper
15606,0,2,Serial-Canceller,0,Focused-Buyer,1,Weekend-Shopper
15831,0,0,High-Support,0,Focused-Buyer,0,Weekday-Shopper
13310,0,0,High-Support,0,Focused-Buyer,0,Weekday-Shopper
14916,0,1,Low-Support,0,Focused-Buyer,0,Weekday-Shopper
17602,0,1,Low-Support,1,Broad-Explorer,0,Weekday-Shopper
14572,0,1,Low-Support,1,Broad-Explorer,1,Weekend-Shopper
13502,0,1,Low-Support,0,Focused-Buyer,0,Weekday-Shopper
14784,0,1,Low-Support,0,Focused-Buyer,1,Weekend-Shopper
15938,1,1,Low-Support,0,Focused-Buyer,0,Weekday-Shopper
12637,0,1,Low-Support,1,Broad-Explorer,0,Weekday-Shopper
17418,0,1,Low-Support,0,Focused-Buyer,0,Weekday-Shopper
14779,1,0,High-Support,0,Focused-Buyer,0,Weekday-Shopper
16321,0,3,High-Returner,0,Focused-Buyer,0,Weekday-Shopper
15262,1,1,Low-Support,0,Focused-Buyer,0,Weekday-Shopper
17862,1,1,Low-Support,0,Focused-Buyer,0,Weekday-Shopper
16892,0,1,Low-Support,0,Focused-Buyer,0,Weekday-Shopper
12402,1,1,Low-Support,0,Focused-Buyer,0,Weekday-Shopper
17771,0,0,High-Support,0,Focused-Buyer,0,Weekday-Shopper
15422,1,1,Low-Support,0,Focused-Buyer,0,Weekday-Shopper
14770,1,0,High-Support,0,Focused-Buyer,0,Weekday-Shopper
16912,0,1,Low-Support,0,Focused-Buyer,0,Weekday-Shopper
15174,1,1,Low-Support,0,Focused-Buyer,0,Weekday-Shopper
14895,0,1,Low-Support,1,Broad-Explorer,0,Weekday-Shopper
12594,0,1,Low-Support,0,Focused-Buyer,0,Weekday-Shopper
17504,1,2,Serial-Canceller,0,Focused-Buyer,0,Weekday-Shopper
16387,1,1,Low-Support,0,Focused-Buyer,0,Weekday-Shopper
12664,0,0,High-Support,0,Focused-Buyer,0,Weekday-Shopper
16618,0,1,Low-Support,0,Focused-Buyer,0,Weekday-Shopper
17277,1,1,Low-Support,0,Focused-Buyer,0,Weekday-Shopper
14088,0,0,High-Support,1,Broad-Explorer,0,Weekday-Shopper
17094,1,1,Low-Support,0,Focused-Buyer,0,Weekday-Shopper
14692,1,0,High-Support,0,Focused-Buyer,0,Weekday-Shopper
12970,0,1,Low-Support,1,Broad-Explorer,0,Weekday-Shopper
17889,1,1,Low-Support,0,Focused-Buyer,0,Weekday-Shopper
17644,0,2,Serial-Canceller,0,Focused-Buyer,0,Weekday-Shopper
17714,1,1,Low-Support,0,Focused-Buyer,1,Weekend-Shopper
12916,1,1,Low-Support,0,Focused-Buyer,1,Weekend-Shopper
17769,0,1,Low-Support,1,Broad-Explorer,1,Weekend-Shopper
14450,1,1,Low-Support,0,Focused-Buyer,1,Weekend-Shopper
16085,0,1,Low-Support,1,Broad-Explorer,0,Weekday-Shopper
13659,1,0,High-Support,1,Broad-Explorer,1,Weekend-Shopper
15167,1,1,Low-Support,0,Focused-Buyer,1,Weekend-Shopper
15443,0,1,Low-Support,1,Broad-Explorer,1,Weekend-Shopper
14224,1,1,Low-Support,1,Broad-Explorer,1,Weekend-Shopper
13742,0,0,High-Support,1,Broad-Explorer,1,Weekend-Shopper
17673,0,1,Low-Support,1,Broad-Explorer,0,Weekday-Shopper
12727,0,1,Low-Support,0,Focused-Buyer,0,Weekday-Shopper
14068,1,1,Low-Support,0,Focused-Buyer,1,Weekend-Shopper
13068,0,1,Low-Support,0,Focused-Buyer,0,Weekday-Shopper
14368,1,1,Low-Support,0,Focused-Buyer,0,Weekday-Shopper
15497,0,0,High-Support,0,Focused-Buyer,0,Weekday-Shopper
12559,1,1,Low-Support,0,Focused-Buyer,0,Weekday-Shopper
13819,1,1,Low-Support,0,Focused-Buyer,0,Weekday-Shopper
14501,0,1,Low-Support,0,Focused-Buyer,0,Weekday-Shopper
14782,1,0,High-Support,0,Focused-Buyer,0,Weekday-Shopper
17861,0,1,Low-Support,1,Broad-Explorer,0,Weekday-Shopper
14439,1,1,Low-Support,0,Focused-Buyer,0,Weekday-Shopper
18161,0,1,Low-Support,0,Focused-Buyer,0,Weekday-Shopper
15820,1,1,Low-Support,0,Focused-Buyer,0,Weekday-Shopper
18136,0,1,Low-Support,0,Focused-Buyer,0,Weekday-Shopper
16660,0,0,High-Support,0,Focused-Buyer,0,Weekday-Shopper
12693,1,1,Low-Support,0,Focused-Buyer,0,Weekday-Shopper
12625,1,1,Low-Support,0,Focused-Buyer,0,Weekday-Shopper
13396,0,1,Low-Support,0,Focused-Buyer,0,Weekday-Shopper
12935,0,0,High-Support,0,Focused-Buyer,0,Weekday-Shopper
16730,0,1,Low-Support,0,Focused-Buyer,0,Weekday-Shopper
14541,0,0,High-Support,0,Focused-Buyer,0,Weekday-Shopper
13551,1,0,High-Support,0,Focused-Buyer,0,Weekday-Shopper
12421,0,1,Low-Support,0,Focused-Buyer,1,Weekend-Shopper
15797,1,1,Low-Support,0,Focused-Buyer,0,Weekday-Shopper
15052,1,1,Low-Support,0,Focused-Buyer,0,Weekday-Shopper
14130,1,0,High-Support,1,Broad-Explorer,0,Weekday-Shopper
15222,1,1,Low-Support,0,Focused-Buyer,0,Weekday-Shopper
13615,1,1,Low-Support,0,Focused-Buyer,0,Weekday-Shopper
13901,0,1,Low-Support,1,Broad-Explorer,0,Weekday-Shopper
13158,1,0,High-Support,0,Focused-Buyer,0,Weekday-Shopper
14257,0,1,Low-Support,0,Focused-Buyer,0,Weekday-Shopper
15218,0,1,Low-Support,0,Focused-Buyer,0,Weekday-Shopper
15110,0,1,Low-Support,0,Focused-Buyer,0,Weekday-Shopper
14534,0,2,Serial-Canceller,1,Broad-Explorer,0,Weekday-Shopper
15967,0,1,Low-Support,0,Focused-Buyer,0,Weekday-Shopper
16757,1,1,Low-Support,0,Focused-Buyer,0,Weekday-Shopper
12854,0,1,Low-Support,0,Focused-Buyer,0,Weekday-Shopper
13815,0,1,Low-Support,1,Broad-Explorer,0,Weekday-Shopper
18008,0,1,Low-Support,0,Focused-Buyer,0,Weekday-Shopper
18277,0,1,Low-Support,0,Focused-Buyer,0,Weekday-Shopper
14389,0,2,Serial-Canceller,0,Focused-Buyer,0,Weekday-Shopper
13703,1,0,High-Support,0,Focused-Buyer,0,Weekday-Shopper
15339,0,1,Low-Support,0,Focused-Buyer,0,Weekday-Shopper
12744,0,1,Low-Support,1,Broad-Explorer,0,Weekday-Shopper
16222,1,1,Low-Support,1,Broad-Explorer,0,Weekday-Shopper
14341,0,1,Low-Support,0,Focused-Buyer,0,Weekday-Shopper
13168,0,0,High-Support,1,Broad-Explorer,0,Weekday-Shopper
16943,1,1,Low-Support,0,Focused-Buyer,0,Weekday-Shopper
17515,0,1,Low-Support,0,Focused-Buyer,0,Weekday-Shopper
17082,0,1,Low-Support,1,Broad-Explorer,1,Weekend-Shopper
14248,1,1,Low-Support,0,Focused-Buyer,0,Weekday-Shopper
12609,0,1,Low-Support,0,Focused-Buyer,0,Weekday-Shopper
13002,1,0,High-Support,0,Focused-Buyer,0,Weekday-Shopper
16133,0,2,Serial-Canceller,1,Broad-Explorer,0,Weekday-Shopper
13049,0,0,High-Support,0,Focused-Buyer,0,Weekday-Shopper
14548,1,1,Low-Support,0,Focused-Buyer,0,Weekday-Shopper
13405,0,0,High-Support,0,Focused-Buyer,0,Weekday-Shopper
14049,0,2,Serial-Canceller,1,Broad-Explorer,0,Weekday-Shopper
16043,0,0,High-Support,0,Focused-Buyer,0,Weekday-Shopper
15812,1,1,Low-Support,0,Focused-Buyer,0,Weekday-Shopper
13837,1,1,Low-Support,0,Focused-Buyer,0,Weekday-Shopper
17118,1,1,Low-Support,0,Focused-Buyer,0,Weekday-Shopper
14616,1,1,Low-Support,0,Focused-Buyer,0,Weekday-Shopper
14233,0,1,Low-Support,0,Focused-Buyer,0,Weekday-Shopper
17075,0,1,Low-Support,0,Focused-Buyer,0,Weekday-Shopper
16714,1,0,High-Support,0,Focused-Buyer,0,Weekday-Shopper
13098,0,2,Serial-Canceller,1,Broad-Explorer,0,Weekday-Shopper
17027,0,1,Low-Support,1,Broad-Explorer,0,Weekday-Shopper
12591,1,1,Low-Support,0,Focused-Buyer,0,Weekday-Shopper
17786,0,1,Low-Support,0,Focused-Buyer,0,Weekday-Shopper
16124,1,3,High-Returner,0,Focused-Buyer,0,Weekday-Shopper
16409,0,0,High-Support,1,Broad-Explorer,0,Weekday-Shopper
13754,1,0,High-Support,0,Focused-Buyer,0,Weekday-Shopper
15227,0,0,High-Support,0,Focused-Buyer,0,Weekday-Shopper
12997,0,1,Low-Support,0,Focused-Buyer,0,Weekday-Shopper
15215,0,3,High-Returner,0,Focused-Buyer,0,Weekday-Shopper
16918,0,1,Low-Support,0,Focused-Buyer,0,Weekday-Shopper
16882,0,1,Low-Support,0,Focused-Buyer,0,Weekday-Shopper
14442,0,0,High-Support,0,Focused-Buyer,0,Weekday-Shopper
16496,0,1,Low-Support,0,Focused-Buyer,0,Weekday-Shopper
12764,1,1,Low-Support,0,Focused-Buyer,0,Weekday-Shopper
17311,0,1,Low-Support,0,Focused-Buyer,0,Weekday-Shopper
15910,0,1,Low-Support,1,Broad-Explorer,0,Weekday-Shopper
16949,0,1,Low-Support,0,Focused-Buyer,1,Weekend-Shopper
14970,0,0,High-Support,0,Focused-Buyer,1,Weekend-Shopper
14701,0,2,Serial-Canceller,1,Broad-Explorer,0,Weekday-Shopper
12645,0,1,Low-Support,0,Focused-Buyer,0,Weekday-Shopper
12468,1,1,Low-Support,0,Focused-Buyer,1,Weekend-Shopper
16767,0,0,High-Support,1,Broad-Explorer,0,Weekday-Shopper
14738,0,1,Low-Support,0,Focused-Buyer,0,Weekday-Shopper
17540,0,1,Low-Support,0,Focused-Buyer,0,Weekday-Shopper
14239,0,0,High-Support,0,Focused-Buyer,0,Weekday-Shopper
18125,0,1,Low-Support,1,Broad-Explorer,0,Weekday-Shopper
13328,1,1,Low-Support,0,Focused-Buyer,0,Weekday-Shopper
15549,0,0,High-Support,1,Broad-Explorer,0,Weekday-Shopper
15864,0,1,Low-Support,0,Focused-Buyer,0,Weekday-Shopper
14662,0,1,Low-Support,1,Broad-Explorer,0,Weekday-Shopper
17180,0,0,High-Support,0,Focused-Buyer,0,Weekday-Shopper
15057,1,1,Low-Support,0,Focused-Buyer,0,Weekday-Shopper
12574,1,1,Low-Support,0,Focused-Buyer,0,Weekday-Shopper
13330,1,0,High-Support,0,Focused-Buyer,0,Weekday-Shopper
13552,0,2,Serial-Canceller,0,Focused-Buyer,0,Weekday-Shopper
12853,1,1,Low-Support,0,Focused-Buyer,0,Weekday-Shopper
13538,0,0,High-Support,0,Focused-Buyer,0,Weekday-Shopper
16755,1,1,Low-Support,1,Broad-Explorer,0,Weekday-Shopper
14133,1,1,Low-Support,0,Focused-Buyer,0,Weekday-Shopper
16523,0,1,Low-Support,1,Broad-Explorer,0,Weekday-Shopper
14659,0,1,Low-Support,1,Broad-Explorer,0,Weekday-Shopper
13141,0,1,Low-Support,1,Broad-Explorer,0,Weekday-Shopper
15365,0,2,Serial-Canceller,0,Focused-Buyer,0,Weekday-Shopper
13707,1,1,Low-Support,0,Focused-Buyer,0,Weekday-Shopper
13709,0,0,High-Support,1,Broad-Explorer,0,Weekday-Shopper
17329,0,0,High-Support,0,Focused-Buyer,0,Weekday-Shopper
14805,0,0,High-Support,0,Focused-Buyer,1,Weekend-Shopper
16897,1,1,Low-Support,0,Focused-Buyer,1,Weekend-Shopper
15579,0,0,High-Support,0,Focused-Buyer,1,Weekend-Shopper
14595,0,1,Low-Support,0,Focused-Buyer,0,Weekday-Shopper
13161,1,1,Low-Support,0,Focused-Buyer,1,Weekend-Shopper
15415,1,1,Low-Support,0,Focused-Buyer,1,Weekend-Shopper
17431,1,1,Low-Support,0,Focused-Buyer,1,Weekend-Shopper
17463,0,0,High-Support,1,Broad-Explorer,1,Weekend-Shopper
14502,0,1,Low-Support,1,Broad-Explorer,1,Weekend-Shopper
12528,0,0,High-Support,0,Focused-Buyer,0,Weekday-Shopper
15448,1,1,Low-Support,0,Focused-Buyer,0,Weekday-Shopper
17314,0,1,Low-Support,1,Broad-Explorer,0,Weekday-Shopper
17373,0,0,High-Support,0,Focused-Buyer,0,Weekday-Shopper
18145,0,1,Low-Support,1,Broad-Explorer,1,Weekend-Shopper
14467,0,1,Low-Support,0,Focused-Buyer,0,Weekday-Shopper
12908,0,3,High-Returner,0,Focused-Buyer,0,Weekday-Shopper
15144,0,0,High-Support,1,Broad-Explorer,0,Weekday-Shopper
14776,0,2,Serial-Canceller,0,Focused-Buyer,0,Weekday-Shopper
16403,1,3,High-Returner,0,Focused-Buyer,0,Weekday-Shopper
16407,0,0,High-Support,0,Focused-Buyer,1,Weekend-Shopper
17619,1,1,Low-Support,1,Broad-Explorer,0,Weekday-Shopper
12778,0,1,Low-Support,0,Focused-Buyer,0,Weekday-Shopper
17256,1,1,Low-Support,0,Focused-Buyer,0,Weekday-Shopper
17604,1,0,High-Support,0,Focused-Buyer,0,Weekday-Shopper
14006,1,1,Low-Support,0,Focused-Buyer,0,Weekday-Shopper
13600,1,1,Low-Support,0,Focused-Buyer,0,Weekday-Shopper
15058,0,1,Low-Support,1,Broad-Explorer,0,Weekday-Shopper
17147,0,0,High-Support,0,Focused-Buyer,0,Weekday-Shopper
13881,0,1,Low-Support,0,Focused-Buyer,0,Weekday-Shopper
16612,0,0,High-Support,0,Focused-Buyer,0,Weekday-Shopper
14627,1,3,High-Returner,0,Focused-Buyer,0,Weekday-Shopper
17356,1,1,Low-Support,0,Focused-Buyer,0,Weekday-Shopper
12477,0,1,Low-Support,1,Broad-Explorer,0,Weekday-Shopper
12836,0,1,Low-Support,1,Broad-Explorer,0,Weekday-Shopper
13939,0,0,High-Support,0,Focused-Buyer,0,Weekday-Shopper
16745,0,1,Low-Support,1,Broad-Explorer,0,Weekday-Shopper
13606,0,1,Low-Support,0,Focused-Buyer,1,Weekend-Shopper
13494,1,0,High-Support,0,Focused-Buyer,0,Weekday-Shopper
12929,1,1,Low-Support,0,Focused-Buyer,0,Weekday-Shopper
16419,1,1,Low-Support,0,Focused-Buyer,0,Weekday-Shopper
17035,1,1,Low-Support,0,Focused-Buyer,0,Weekday-Shopper
15203,0,1,Low-Support,0,Focused-Buyer,0,Weekday-Shopper
16515,0,1,Low-Support,0,Focused-Buyer,0,Weekday-Shopper
12373,1,1,Low-Support,0,Focused-Buyer,0,Weekday-Shopper
18202,1,0,High-Support,0,Focused-Buyer,0,Weekday-Shopper
12775,0,1,Low-Support,0,Focused-Buyer,0,Weekday-Shopper
14549,1,1,Low-Support,1,Broad-Explorer,0,Weekday-Shopper
15981,0,1,Low-Support,0,Focused-Buyer,0,Weekday-Shopper
16110,0,1,Low-Support,1,Broad-Explorer,0,Weekday-Shopper
17376,0,1,Low-Support,0,Focused-Buyer,0,Weekday-Shopper
13110,0,1,Low-Support,0,Focused-Buyer,0,Weekday-Shopper
16716,1,3,High-Returner,0,Focused-Buyer,0,Weekday-Shopper
12676,0,1,Low-Support,0,Focused-Buyer,0,Weekday-Shopper
15940,1,3,High-Returner,0,Focused-Buyer,0,Weekday-Shopper
15971,0,1,Low-Support,0,Focused-Buyer,0,Weekday-Shopper
14665,0,2,Serial-Canceller,0,Focused-Buyer,0,Weekday-Shopper
14457,1,1,Low-Support,0,Focused-Buyer,0,Weekday-Shopper
15589,1,1,Low-Support,0,Focused-Buyer,0,Weekday-Shopper
14411,1,1,Low-Support,0,Focused-Buyer,0,Weekday-Shopper
17560,1,0,High-Support,0,Focused-Buyer,0,Weekday-Shopper
15226,1,1,Low-Support,0,Focused-Buyer,0,Weekday-Shopper
14460,1,0,High-Support,0,Focused-Buyer,0,Weekday-Shopper
16156,0,1,Low-Support,0,Focused-Buyer,0,Weekday-Shopper
13728,0,1,Low-Support,0,Focused-Buyer,0,Weekday-Shopper
14127,1,0,High-Support,0,Focused-Buyer,0,Weekday-Shopper
16378,1,1,Low-Support,0,Focused-Buyer,0,Weekday-Shopper
13894,0,0,High-Support,0,Focused-Buyer,0,Weekday-Shopper
13824,0,1,Low-Support,0,Focused-Buyer,0,Weekday-Shopper
18250,1,1,Low-Support,0,Focused-Buyer,0,Weekday-Shopper
15270,0,1,Low-Support,0,Focused-Buyer,0,Weekday-Shopper
14188,0,1,Low-Support,0,Focused-Buyer,0,Weekday-Shopper
18017,0,1,Low-Support,0,Focused-Buyer,0,Weekday-Shopper
15421,0,1,Low-Support,0,Focused-Buyer,0,Weekday-Shopper
17446,1,1,Low-Support,0,Focused-Buyer,0,Weekday-Shopper
12414,1,0,High-Support,0,Focused-Buyer,0,Weekday-Shopper
14798,0,1,Low-Support,0,Focused-Buyer,0,Weekday-Shopper
12990,0,0,High-Support,0,Focused-Buyer,0,Weekday-Shopper
12350,1,0,High-Support,0,Focused-Buyer,0,Weekday-Shopper
16992,0,0,High-Support,0,Focused-Buyer,0,Weekday-Shopper
17337,1,1,Low-Support,1,Broad-Explorer,0,Weekday-Shopper
16405,1,1,Low-Support,0,Focused-Buyer,0,Weekday-Shopper
17071,0,1,Low-Support,0,Focused-Buyer,0,Weekday-Shopper
13873,1,1,Low-Support,0,Focused-Buyer,0,Weekday-Shopper
17362,1,0,High-Support,0,Focused-Buyer,0,Weekday-Shopper
13394,0,1,Low-Support,1,Broad-Explorer,0,Weekday-Shopper
12502,1,1,Low-Support,1,Broad-Explorer,0,Weekday-Shopper
16333,0,1,Low-Support,0,Focused-Buyer,0,Weekday-Shopper
16030,1,1,Low-Support,0,Focused-Buyer,0,Weekday-Shopper
14044,0,1,Low-Support,1,Broad-Explorer,1,Weekend-Shopper
13800,1,1,Low-Support,0,Focused-Buyer,0,Weekday-Shopper
17672,0,1,Low-Support,1,Broad-Explorer,0,Weekday-Shopper
12464,0,1,Low-Support,0,Focused-Buyer,0,Weekday-Shopper
13581,1,1,Low-Support,0,Focused-Buyer,0,Weekday-Shopper
14540,0,1,Low-Support,0,Focused-Buyer,1,Weekend-Shopper
13539,0,1,Low-Support,0,Focused-Buyer,0,Weekday-Shopper
15885,1,1,Low-Support,0,Focused-Buyer,0,Weekday-Shopper
14497,1,1,Low-Support,0,Focused-Buyer,0,Weekday-Shopper
17507,1,1,Low-Support,1,Broad-Explorer,0,Weekday-Shopper
13208,0,1,Low-Support,1,Broad-Explorer,0,Weekday-Shopper
17334,1,1,Low-Support,0,Focused-Buyer,0,Weekday-Shopper
13871,0,0,High-Support,1,Broad-Explorer,0,Weekday-Shopper
16938,0,1,Low-Support,1,Broad-Explorer,1,Weekend-Shopper
12754,1,0,High-Support,0,Focused-Buyer,0,Weekday-Shopper
12410,1,0,High-Support,0,Focused-Buyer,0,Weekday-Shopper
17929,0,1,Low-Support,0,Focused-Buyer,0,Weekday-Shopper
14778,1,0,High-Support,0,Focused-Buyer,0,Weekday-Shopper
17517,1,1,Low-Support,0,Focused-Buyer,0,Weekday-Shopper
17226,1,0,High-Support,0,Focused-Buyer,0,Weekday-Shopper
13137,0,0,High-Support,1,Broad-Explorer,1,Weekend-Shopper
13725,0,2,Serial-Canceller,0,Focused-Buyer,0,Weekday-Shopper
13309,0,1,Low-Support,0,Focused-Buyer,0,Weekday-Shopper
12842,0,1,Low-Support,0,Focused-Buyer,0,Weekday-Shopper
16109,1,0,High-Support,0,Focused-Buyer,0,Weekday-Shopper
17291,1,1,Low-Support,0,Focused-Buyer,0,Weekday-Shopper
15090,1,1,Low-Support,0,Focused-Buyer,0,Weekday-Shopper
15199,0,1,Low-Support,0,Focused-Buyer,0,Weekday-Shopper
13911,0,1,Low-Support,1,Broad-Explorer,0,Weekday-Shopper
14194,0,2,Serial-Canceller,1,Broad-Explorer,0,Weekday-Shopper
14842,0,2,Serial-Canceller,1,Broad-Explorer,0,Weekday-Shopper
13584,1,1,Low-Support,0,Focused-Buyer,1,Weekend-Shopper
17105,1,1,Low-Support,1,Broad-Explorer,1,Weekend-Shopper
14438,1,0,High-Support,0,Focused-Buyer,1,Weekend-Shopper
12956,1,1,Low-Support,0,Focused-Buyer,1,Weekend-Shopper
15781,0,1,Low-Support,0,Focused-Buyer,0,Weekday-Shopper
14410,0,2,Serial-Canceller,1,Broad-Explorer,0,Weekday-Shopper
14600,1,1,Low-Support,0,Focused-Buyer,0,Weekday-Shopper
17302,0,1,Low-Support,0,Focused-Buyer,0,Weekday-Shopper
17613,0,1,Low-Support,1,Broad-Explorer,0,Weekday-Shopper
13334,0,1,Low-Support,1,Broad-Explorer,0,Weekday-Shopper
13955,1,0,High-Support,0,Focused-Buyer,0,Weekday-Shopper
17162,0,1,Low-Support,0,Focused-Buyer,0,Weekday-Shopper
17774,1,0,High-Support,1,Broad-Explorer,1,Weekend-Shopper
13809,1,0,High-Support,0,Focused-Buyer,0,Weekday-Shopper
15407,0,1,Low-Support,1,Broad-Explorer,1,Weekend-Shopper
15577,1,0,High-Support,0,Focused-Buyer,0,Weekday-Shopper
16332,0,1,Low-Support,1,Broad-Explorer,0,Weekday-Shopper
14048,1,1,Low-Support,1,Broad-Explorer,0,Weekday-Shopper
14475,0,1,Low-Support,0,Focused-Buyer,0,Weekday-Shopper
17859,1,1,Low-Support,0,Focused-Buyer,0,Weekday-Shopper
12576,0,1,Low-Support,0,Focused-Buyer,0,Weekday-Shopper
15753,1,1,Low-Support,0,Focused-Buyer,0,Weekday-Shopper
12599,0,1,Low-Support,0,Focused-Buyer,0,Weekday-Shopper
14562,0,2,Serial-Canceller,1,Broad-Explorer,0,Weekday-Shopper
16951,1,1,Low-Support,0,Focused-Buyer,0,Weekday-Shopper
16998,1,3,High-Returner,0,Focused-Buyer,0,Weekday-Shopper
13133,1,1,Low-Support,0,Focused-Buyer,0,Weekday-Shopper
17881,1,1,Low-Support,0,Focused-Buyer,0,Weekday-Shopper
15843,1,0,High-Support,0,Focused-Buyer,0,Weekday-Shopper
17083,1,1,Low-Support,0,Focused-Buyer,0,Weekday-Shopper
15970,1,1,Low-Support,0,Focused-Buyer,0,Weekday-Shopper
13590,0,0,High-Support,0,Focused-Buyer,0,Weekday-Shopper
17537,0,0,High-Support,0,Focused-Buyer,0,Weekday-Shopper
12401,1,1,Low-Support,0,Focused-Buyer,0,Weekday-Shopper
12462,0,2,Serial-Canceller,0,Focused-Buyer,0,Weekday-Shopper
17843,1,1,Low-Support,0,Focused-Buyer,0,Weekday-Shopper
13706,1,1,Low-Support,0,Focused-Buyer,0,Weekday-Shopper
17940,0,1,Low-Support,0,Focused-Buyer,0,Weekday-Shopper
17686,0,1,Low-Support,1,Broad-Explorer,0,Weekday-Shopper
14431,1,3,High-Returner,0,Focused-Buyer,0,Weekday-Shopper
15809,0,1,Low-Support,0,Focused-Buyer,0,Weekday-Shopper
12561,1,1,Low-Support,0,Focused-Buyer,0,Weekday-Shopper
14465,1,1,Low-Support,1,Broad-Explorer,0,Weekday-Shopper
18093,1,0,High-Support,0,Focused-Buyer,0,Weekday-Shopper
16027,1,1,Low-Support,0,Focused-Buyer,0,Weekday-Shopper
12857,1,0,High-Support,0,Focused-Buyer,0,Weekday-Shopper
16425,1,1,Low-Support,0,Focused-Buyer,0,Weekday-Shopper
16842,0,1,Low-Support,0,Focused-Buyer,0,Weekday-Shopper
15796,0,0,High-Support,0,Focused-Buyer,1,Weekend-Shopper
14555,0,1,Low-Support,0,Focused-Buyer,0,Weekday-Shopper
15114,0,0,High-Support,1,Broad-Explorer,0,Weekday-Shopper
15133,1,0,High-Support,0,Focused-Buyer,0,Weekday-Shopper
17705,0,1,Low-Support,0,Focused-Buyer,0,Weekday-Shopper
18087,1,3,High-Returner,0,Focused-Buyer,0,Weekday-Shopper
12897,1,1,Low-Support,0,Focused-Buyer,0,Weekday-Shopper
17512,0,1,Low-Support,0,Focused-Buyer,0,Weekday-Shopper
15550,0,1,Low-Support,0,Focused-Buyer,0,Weekday-Shopper
14676,0,1,Low-Support,0,Focused-Buyer,0,Weekday-Shopper
12505,1,3,High-Returner,0,Focused-Buyer,0,Weekday-Shopper
18159,1,1,Low-Support,0,Focused-Buyer,0,Weekday-Shopper
14304,1,3,High-Returner,0,Focused-Buyer,1,Weekend-Shopper
15638,1,3,High-Returner,0,Focused-Buyer,0,Weekday-Shopper
12943,1,3,High-Returner,0,Focused-Buyer,0,Weekday-Shopper
13875,0,1,Low-Support,0,Focused-Buyer,0,Weekday-Shopper
15406,0,1,Low-Support,0,Focused-Buyer,0,Weekday-Shopper
18084,0,3,High-Returner,0,Focused-Buyer,0,Weekday-Shopper
17282,1,1,Low-Support,0,Focused-Buyer,1,Weekend-Shopper
16434,0,1,Low-Support,0,Focused-Buyer,1,Weekend-Shopper
17050,1,0,High-Support,1,Broad-Explorer,1,Weekend-Shopper
13171,0,0,High-Support,0,Focused-Buyer,1,Weekend-Shopper
17472,1,1,Low-Support,1,Broad-Explorer,1,Weekend-Shopper
17255,0,1,Low-Support,0,Focused-Buyer,1,Weekend-Shopper
16084,1,1,Low-Support,0,Focused-Buyer,1,Weekend-Shopper
17667,0,1,Low-Support,0,Focused-Buyer,0,Weekday-Shopper
12507,1,1,Low-Support,0,Focused-Buyer,0,Weekday-Shopper
14631,0,0,High-Support,0,Focused-Buyer,0,Weekday-Shopper
13381,0,1,Low-Support,0,Focused-Buyer,0,Weekday-Shopper
15236,1,1,Low-Support,0,Focused-Buyer,0,Weekday-Shopper
13475,1,1,Low-Support,0,Focused-Buyer,0,Weekday-Shopper
17829,1,1,Low-Support,0,Focused-Buyer,0,Weekday-Shopper
13717,0,0,High-Support,0,Focused-Buyer,0,Weekday-Shopper
13157,0,1,Low-Support,0,Focused-Buyer,0,Weekday-Shopper
14644,0,0,High-Support,0,Focused-Buyer,0,Weekday-Shopper
12993,0,1,Low-Support,0,Focused-Buyer,0,Weekday-Shopper
17571,0,1,Low-Support,1,Broad-Explorer,0,Weekday-Shopper
16979,0,1,Low-Support,0,Focused-Buyer,0,Weekday-Shopper
16738,1,1,Low-Support,0,Focused-Buyer,0,Weekday-Shopper
15122,0,1,Low-Support,0,Focused-Buyer,0,Weekday-Shopper
17612,0,1,Low-Support,1,Broad-Explorer,0,Weekday-Shopper
17348,0,1,Low-Support,1,Broad-Explorer,0,Weekday-Shopper
13893,1,1,Low-Support,0,Focused-Buyer,0,Weekday-Shopper
14035,0,0,High-Support,0,Focused-Buyer,1,Weekend-Shopper
13623,0,0,High-Support,0,Focused-Buyer,0,Weekday-Shopper
14346,1,1,Low-Support,0,Focused-Buyer,0,Weekday-Shopper
16431,1,1,Low-Support,0,Focused-Buyer,0,Weekday-Shopper
12616,0,1,Low-Support,0,Focused-Buyer,0,Weekday-Shopper
16317,1,1,Low-Support,0,Focused-Buyer,0,Weekday-Shopper
14935,1,0,High-Support,0,Focused-Buyer,0,Weekday-Shopper
16073,1,3,High-Returner,0,Focused-Buyer,0,Weekday-Shopper
14477,0,1,Low-Support,0,Focused-Buyer,0,Weekday-Shopper
14760,1,3,High-Returner,0,Focused-Buyer,0,Weekday-Shopper
14897,0,0,High-Support,0,Focused-Buyer,0,Weekday-Shopper
15810,0,2,Serial-Canceller,0,Focused-Buyer,0,Weekday-Shopper
16509,1,1,Low-Support,0,Focused-Buyer,0,Weekday-Shopper
14386,1,1,Low-Support,0,Focused-Buyer,0,Weekday-Shopper
12455,0,1,Low-Support,0,Focused-Buyer,0,Weekday-Shopper
14530,0,1,Low-Support,1,Broad-Explorer,0,Weekday-Shopper
15670,1,1,Low-Support,0,Focused-Buyer,0,Weekday-Shopper
12653,1,0,High-Support,0,Focused-Buyer,0,Weekday-Shopper
16126,0,1,Low-Support,0,Focused-Buyer,0,Weekday-Shopper
14609,0,1,Low-Support,0,Focused-Buyer,0,Weekday-Shopper
13414,1,1,Low-Support,0,Focused-Buyer,0,Weekday-Shopper
12823,0,0,High-Support,0,Focused-Buyer,0,Weekday-Shopper
12352,0,2,Serial-Canceller,0,Focused-Buyer,0,Weekday-Shopper
12372,0,0,High-Support,0,Focused-Buyer,0,Weekday-Shopper
16494,1,0,High-Support,0,Focused-Buyer,0,Weekday-Shopper
14959,0,0,High-Support,0,Focused-Buyer,1,Weekend-Shopper
16148,1,1,Low-Support,0,Focused-Buyer,0,Weekday-Shopper
17422,0,2,Serial-Canceller,0,Focused-Buyer,0,Weekday-Shopper
17175,0,1,Low-Support,0,Focused-Buyer,0,Weekday-Shopper
18257,0,1,Low-Support,0,Focused-Buyer,0,Weekday-Shopper
12362,0,0,High-Support,1,Broad-Explorer,0,Weekday-Shopper
13018,0,1,Low-Support,1,Broad-Explorer,0,Weekday-Shopper
13718,1,0,High-Support,0,Focused-Buyer,0,Weekday-Shopper
15382,0,1,Low-Support,1,Broad-Explorer,0,Weekday-Shopper
14754,0,0,High-Support,0,Focused-Buyer,0,Weekday-Shopper
13151,1,1,Low-Support,0,Focused-Buyer,0,Weekday-Shopper
12654,0,1,Low-Support,0,Focused-Buyer,0,Weekday-Shopper
13085,1,3,High-Returner,0,Focused-Buyer,0,Weekday-Shopper
15903,0,0,High-Support,0,Focused-Buyer,0,Weekday-Shopper
15785,0,1,Low-Support,0,Focused-Buyer,0,Weekday-Shopper
18138,1,0,High-Support,0,Focused-Buyer,0,Weekday-Shopper
14379,0,0,High-Support,0,Focused-Buyer,0,Weekday-Shopper
14211,0,1,Low-Support,0,Focused-Buyer,0,Weekday-Shopper
14371,1,0,High-Support,0,Focused-Buyer,0,Weekday-Shopper
13425,1,1,Low-Support,0,Focused-Buyer,0,Weekday-Shopper
12852,1,1,Low-Support,0,Focused-Buyer,0,Weekday-Shopper
15228,0,1,Low-Support,1,Broad-Explorer,0,Weekday-Shopper
13012,0,2,Serial-Canceller,0,Focused-Buyer,0,Weekday-Shopper
16182,0,0,High-Support,0,Focused-Buyer,0,Weekday-Shopper
13489,1,1,Low-Support,0,Focused-Buyer,0,Weekday-Shopper
12714,0,0,High-Support,1,Broad-Explorer,0,Weekday-Shopper
13904,0,1,Low-Support,0,Focused-Buyer,0,Weekday-Shopper
15755,0,0,High-Support,1,Broad-Explorer,0,Weekday-Shopper
13932,1,1,Low-Support,0,Focused-Buyer,0,Weekday-Shopper
13799,1,1,Low-Support,0,Focused-Buyer,0,Weekday-Shopper
13951,1,1,Low-Support,0,Focused-Buyer,1,Weekend-Shopper
16765,1,0,High-Support,0,Focused-Buyer,0,Weekday-Shopper
18172,0,1,Low-Support,0,Focused-Buyer,0,Weekday-Shopper
16566,0,0,High-Support,0,Focused-Buyer,0,Weekday-Shopper
12891,1,1,Low-Support,0,Focused-Buyer,0,Weekday-Shopper
16466,0,1,Low-Support,0,Focused-Buyer,1,Weekend-Shopper
16115,0,1,Low-Support,1,Broad-Explorer,1,Weekend-Shopper
14162,1,1,Low-Support,0,Focused-Buyer,1,Weekend-Shopper
13301,1,1,Low-Support,0,Focused-Buyer,1,Weekend-Shopper
14803,1,1,Low-Support,0,Focused-Buyer,0,Weekday-Shopper
13744,1,1,Low-Support,0,Focused-Buyer,1,Weekend-Shopper
12988,1,1,Low-Support,1,Broad-Explorer,1,Weekend-Shopper
17323,0,0,High-Support,1,Broad-Explorer,1,Weekend-Shopper
12707,1,1,Low-Support,0,Focused-Buyer,0,Weekday-Shopper
18094,0,1,Low-Support,0,Focused-Buyer,0,Weekday-Shopper
15129,0,1,Low-Support,0,Focused-Buyer,0,Weekday-Shopper
17361,0,1,Low-Support,0,Focused-Buyer,0,Weekday-Shopper
18155,0,1,Low-Support,0,Focused-Buyer,0,Weekday-Shopper
15321,0,2,Serial-Canceller,0,Focused-Buyer,0,Weekday-Shopper
13477,0,0,High-Support,0,Focused-Buyer,0,Weekday-Shopper
15065,0,1,Low-Support,1,Broad-Explorer,0,Weekday-Shopper
16980,1,0,High-Support,0,Focused-Buyer,0,Weekday-Shopper
15146,1,0,High-Support,1,Broad-Explorer,0,Weekday-Shopper
12365,1,1,Low-Support,0,Focused-Buyer,0,Weekday-Shopper
13410,0,1,Low-Support,0,Focused-Buyer,0,Weekday-Shopper
13044,1,1,Low-Support,0,Focused-Buyer,0,Weekday-Shopper
16441,0,0,High-Support,0,Focused-Buyer,0,Weekday-Shopper
16014,0,1,Low-Support,1,Broad-Explorer,1,Weekend-Shopper
14520,0,1,Low-Support,0,Focused-Buyer,0,Weekday-Shopper
17994,1,0,High-Support,0,Focused-Buyer,0,Weekday-Shopper
13038,0,0,High-Support,0,Focused-Buyer,0,Weekday-Shopper
17002,0,1,Low-Support,0,Focused-Buyer,0,Weekday-Shopper
15722,0,0,High-Support,0,Focused-Buyer,1,Weekend-Shopper
16349,1,1,Low-Support,0,Focused-Buyer,0,Weekday-Shopper
16913,1,0,High-Support,0,Focused-Buyer,0,Weekday-Shopper
18114,1,1,Low-Support,0,Focused-Buyer,0,Weekday-Shopper
15303,1,0,High-Support,0,Focused-Buyer,0,Weekday-Shopper
12845,1,1,Low-Support,0,Focused-Buyer,0,Weekday-Shopper
18188,0,0,High-Support,0,Focused-Buyer,0,Weekday-Shopper
16045,1,1,Low-Support,0,Focused-Buyer,0,Weekday-Shopper
16573,0,1,Low-Support,0,Focused-Buyer,0,Weekday-Shopper
13421,0,1,Low-Support,1,Broad-Explorer,0,Weekday-Shopper
18196,1,1,Low-Support,1,Broad-Explorer,0,Weekday-Shopper
13285,0,1,Low-Support,1,Broad-Explorer,0,Weekday-Shopper
13184,0,0,High-Support,1,Broad-Explorer,0,Weekday-Shopper
18151,1,0,High-Support,0,Focused-Buyer,0,Weekday-Shopper
13804,0,1,Low-Support,1,Broad-Explorer,0,Weekday-Shopper
17499,1,1,Low-Support,0,Focused-Buyer,0,Weekday-Shopper
15397,1,0,High-Support,0,Focused-Buyer,0,Weekday-Shopper
14276,0,2,Serial-Canceller,0,Focused-Buyer,1,Weekend-Shopper
13453,1,1,Low-Support,0,Focused-Buyer,0,Weekday-Shopper
16394,0,2,Serial-Canceller,0,Focused-Buyer,0,Weekday-Shopper
17711,0,1,Low-Support,0,Focused-Buyer,0,Weekday-Shopper
13865,0,1,Low-Support,0,Focused-Buyer,0,Weekday-Shopper
16940,0,1,Low-Support,1,Broad-Explorer,0,Weekday-Shopper
14289,0,1,Low-Support,0,Focused-Buyer,0,Weekday-Shopper
16208,0,1,Low-Support,0,Focused-Buyer,0,Weekday-Shopper
17063,0,1,Low-Support,0,Focused-Buyer,0,Weekday-Shopper
13149,0,0,High-Support,0,Focused-Buyer,0,Weekday-Shopper
18068,1,1,Low-Support,0,Focused-Buyer,0,Weekday-Shopper
15932,0,1,Low-Support,0,Focused-Buyer,0,Weekday-Shopper
16692,1,1,Low-Support,0,Focused-Buyer,0,Weekday-Shopper
15590,1,3,High-Returner,0,Focused-Buyer,0,Weekday-Shopper
17171,1,0,High-Support,0,Focused-Buyer,0,Weekday-Shopper
18231,1,1,Low-Support,1,Broad-Explorer,0,Weekday-Shopper
14004,0,1,Low-Support,0,Focused-Buyer,0,Weekday-Shopper
17139,0,0,High-Support,1,Broad-Explorer,0,Weekday-Shopper
14513,1,3,High-Returner,0,Focused-Buyer,0,Weekday-Shopper
13118,0,1,Low-Support,0,Focused-Buyer,1,Weekend-Shopper
15974,0,0,High-Support,1,Broad-Explorer,0,Weekday-Shopper
17830,0,1,Low-Support,0,Focused-Buyer,0,Weekday-Shopper
12565,1,0,High-Support,0,Focused-Buyer,0,Weekday-Shopper
12582,1,1,Low-Support,0,Focused-Buyer,0,Weekday-Shopper
14231,1,0,High-Support,0,Focused-Buyer,0,Weekday-Shopper
17867,0,1,Low-Support,0,Focused-Buyer,0,Weekday-Shopper
14880,0,1,Low-Support,0,Focused-Buyer,0,Weekday-Shopper
15121,0,0,High-Support,0,Focused-Buyer,0,Weekday-Shopper
17117,1,0,High-Support,0,Focused-Buyer,0,Weekday-Shopper
12945,1,1,Low-Support,0,Focused-Buyer,0,Weekday-Shopper
18056,1,1,Low-Support,0,Focused-Buyer,0,Weekday-Shopper
16072,1,1,Low-Support,0,Focused-Buyer,0,Weekday-Shopper
16838,1,1,Low-Support,0,Focused-Buyer,0,Weekday-Shopper
15543,1,0,High-Support,0,Focused-Buyer,0,Weekday-Shopper
13751,1,1,Low-Support,0,Focused-Buyer,0,Weekday-Shopper
15847,0,1,Low-Support,0,Focused-Buyer,0,Weekday-Shopper
13851,1,1,Low-Support,0,Focused-Buyer,0,Weekday-Shopper
13501,1,1,Low-Support,0,Focused-Buyer,0,Weekday-Shopper
12633,0,1,Low-Support,0,Focused-Buyer,0,Weekday-Shopper
13345,1,1,Low-Support,0,Focused-Buyer,0,Weekday-Shopper
13870,0,1,Low-Support,0,Focused-Buyer,0,Weekday-Shopper
17034,0,0,High-Support,0,Focused-Buyer,0,Weekday-Shopper
16592,0,1,Low-Support,1,Broad-Explorer,0,Weekday-Shopper
15712,0,1,Low-Support,0,Focused-Buyer,0,Weekday-Shopper
13362,0,0,High-Support,1,Broad-Explorer,0,Weekday-Shopper
14470,0,1,Low-Support,0,Focused-Buyer,0,Weekday-Shopper
17388,0,1,Low-Support,0,Focused-Buyer,1,Weekend-Shopper
16841,0,1,Low-Support,0,Focused-Buyer,0,Weekday-Shopper
13753,1,1,Low-Support,0,Focused-Buyer,0,Weekday-Shopper
13666,0,0,High-Support,0,Focused-Buyer,0,Weekday-Shopper
12361,1,1,Low-Support,0,Focused-Buyer,0,Weekday-Shopper
14481,1,1,Low-Support,0,Focused-Buyer,0,Weekday-Shopper
13792,0,0,High-Support,0,Focused-Buyer,0,Weekday-Shopper
17663,0,1,Low-Support,0,Focused-Buyer,0,Weekday-Shopper
13973,1,1,Low-Support,0,Focused-Buyer,0,Weekday-Shopper
15990,0,0,High-Support,0,Focused-Buyer,0,Weekday-Shopper
13493,1,1,Low-Support,0,Focused-Buyer,0,Weekday-Shopper
13684,1,0,High-Support,0,Focused-Buyer,1,Weekend-Shopper
13261,1,0,High-Support,0,Focused-Buyer,1,Weekend-Shopper
16598,1,1,Low-Support,0,Focused-Buyer,1,Weekend-Shopper
14147,0,0,High-Support,0,Focused-Buyer,0,Weekday-Shopper
15951,0,1,Low-Support,0,Focused-Buyer,1,Weekend-Shopper
13971,0,1,Low-Support,1,Broad-Explorer,0,Weekday-Shopper
17516,0,0,High-Support,1,Broad-Explorer,1,Weekend-Shopper
13630,0,0,High-Support,0,Focused-Buyer,0,Weekday-Shopper
14157,0,0,High-Support,0,Focused-Buyer,1,Weekend-Shopper
13636,0,1,Low-Support,0,Focused-Buyer,0,Weekday-Shopper
13610,0,1,Low-Support,1,Broad-Explorer,1,Weekend-Shopper
14745,1,0,High-Support,0,Focused-Buyer,0,Weekday-Shopper
12781,0,1,Low-Support,0,Focused-Buyer,0,Weekday-Shopper
14036,1,1,Low-Support,0,Focused-Buyer,0,Weekday-Shopper
16057,0,2,Serial-Canceller,0,Focused-Buyer,0,Weekday-Shopper
15724,1,0,High-Support,0,Focused-Buyer,1,Weekend-Shopper
12458,0,1,Low-Support,0,Focused-Buyer,0,Weekday-Shopper
12598,0,1,Low-Support,0,Focused-Buyer,0,Weekday-Shopper
13675,1,1,Low-Support,0,Focused-Buyer,0,Weekday-Shopper
14227,0,1,Low-Support,0,Focused-Buyer,0,Weekday-Shopper
16668,0,1,Low-Support,0,Focused-Buyer,0,Weekday-Shopper
16667,0,1,Low-Support,0,Focused-Buyer,1,Weekend-Shopper
13509,0,1,Low-Support,0,Focused-Buyer,0,Weekday-Shopper
15874,0,2,Serial-Canceller,1,Broad-Explorer,0,Weekday-Shopper
16187,0,1,Low-Support,1,Broad-Explorer,0,Weekday-Shopper
16339,1,0,High-Support,0,Focused-Buyer,0,Weekday-Shopper
12509,1,1,Low-Support,0,Focused-Buyer,0,Weekday-Shopper
14046,1,0,High-Support,0,Focused-Buyer,0,Weekday-Shopper
13292,0,0,High-Support,0,Focused-Buyer,0,Weekday-Shopper
16427,1,0,High-Support,0,Focused-Buyer,0,Weekday-Shopper
14056,0,2,Serial-Canceller,1,Broad-Explorer,0,Weekday-Shopper
15656,0,0,High-Support,0,Focused-Buyer,0,Weekday-Shopper
12811,1,1,Low-Support,0,Focused-Buyer,0,Weekday-Shopper
16518,0,1,Low-Support,0,Focused-Buyer,1,Weekend-Shopper
17165,1,1,Low-Support,0,Focused-Buyer,0,Weekday-Shopper
17462,0,0,High-Support,0,Focused-Buyer,0,Weekday-Shopper
14620,1,1,Low-Support,0,Focused-Buyer,0,Weekday-Shopper
14740,1,0,High-Support,0,Focused-Buyer,0,Weekday-Shopper
16462,0,3,High-Returner,0,Focused-Buyer,0,Weekday-Shopper
12428,0,1,Low-Support,1,Broad-Explorer,0,Weekday-Shopper
16078,1,1,Low-Support,0,Focused-Buyer,0,Weekday-Shopper
16915,0,1,Low-Support,0,Focused-Buyer,0,Weekday-Shopper
15676,0,2,Serial-Canceller,1,Broad-Explorer,0,Weekday-Shopper
15709,1,1,Low-Support,0,Focused-Buyer,0,Weekday-Shopper
15241,0,1,Low-Support,0,Focused-Buyer,0,Weekday-Shopper
12933,0,1,Low-Support,1,Broad-Explorer,0,Weekday-Shopper
15092,1,1,Low-Support,0,Focused-Buyer,0,Weekday-Shopper
12679,0,1,Low-Support,0,Focused-Buyer,0,Weekday-Shopper
15319,1,1,Low-Support,0,Focused-Buyer,0,Weekday-Shopper
16212,0,0,High-Support,0,Focused-Buyer,0,Weekday-Shopper
15257,1,1,Low-Support,0,Focused-Buyer,0,Weekday-Shopper
14656,1,1,Low-Support,0,Focused-Buyer,0,Weekday-Shopper
13884,0,1,Low-Support,0,Focused-Buyer,1,Weekend-Shopper
12866,1,1,Low-Support,0,Focused-Buyer,0,Weekday-Shopper
13166,1,1,Low-Support,0,Focused-Buyer,0,Weekday-Shopper
16389,0,0,High-Support,0,Focused-Buyer,0,Weekday-Shopper
15416,0,0,High-Support,1,Broad-Explorer,0,Weekday-Shopper
15733,1,1,Low-Support,0,Focused-Buyer,0,Weekday-Shopper
16678,0,1,Low-Support,0,Focused-Buyer,0,Weekday-Shopper
12834,1,1,Low-Support,0,Focused-Buyer,0,Weekday-Shopper
13722,1,1,Low-Support,0,Focused-Buyer,0,Weekday-Shopper
14934,0,0,High-Support,0,Focused-Buyer,0,Weekday-Shopper
15067,0,1,Low-Support,0,Focused-Buyer,0,Weekday-Shopper
16128,0,0,High-Support,0,Focused-Buyer,0,Weekday-Shopper
17770,1,0,High-Support,0,Focused-Buyer,0,Weekday-Shopper
15622,0,2,Serial-Canceller,1,Broad-Explorer,0,Weekday-Shopper
14473,0,1,Low-Support,0,Focused-Buyer,0,Weekday-Shopper
15104,1,1,Low-Support,0,Focused-Buyer,0,Weekday-Shopper
15643,1,1,Low-Support,0,Focused-Buyer,0,Weekday-Shopper
16792,1,1,Low-Support,0,Focused-Buyer,0,Weekday-Shopper
15031,0,1,Low-Support,0,Focused-Buyer,0,Weekday-Shopper
15636,0,0,High-Support,0,Focused-Buyer,1,Weekend-Shopper
12873,1,0,High-Support,0,Focused-Buyer,0,Weekday-Shopper
17923,1,1,Low-Support,0,Focused-Buyer,0,Weekday-Shopper
16217,1,3,High-Returner,0,Focused-Buyer,0,Weekday-Shopper
17738,0,0,High-Support,0,Focused-Buyer,0,Weekday-Shopper
17426,0,1,Low-Support,1,Broad-Explorer,0,Weekday-Shopper
16957,1,1,Low-Support,0,Focused-Buyer,0,Weekday-Shopper
16571,0,2,Serial-Canceller,0,Focused-Buyer,0,Weekday-Shopper
14483,1,1,Low-Support,0,Focused-Buyer,0,Weekday-Shopper
15087,1,1,Low-Support,0,Focused-Buyer,0,Weekday-Shopper
16709,0,1,Low-Support,0,Focused-Buyer,0,Weekday-Shopper
17856,0,0,High-Support,0,Focused-Buyer,0,Weekday-Shopper
15053,0,1,Low-Support,0,Focused-Buyer,0,Weekday-Shopper
18218,1,0,High-Support,0,Focused-Buyer,0,Weekday-Shopper
16159,1,1,Low-Support,0,Focused-Buyer,0,Weekday-Shopper
17995,1,1,Low-Support,0,Focused-Buyer,0,Weekday-Shopper
17374,1,0,High-Support,0,Focused-Buyer,0,Weekday-Shopper
17789,1,1,Low-Support,0,Focused-Buyer,0,Weekday-Shopper
17416,0,1,Low-Support,1,Broad-Explorer,0,Weekday-Shopper
17652,0,2,Serial-Canceller,0,Focused-Buyer,0,Weekday-Shopper
13476,1,1,Low-Support,0,Focused-Buyer,0,Weekday-Shopper
12817,1,1,Low-Support,0,Focused-Buyer,0,Weekday-Shopper
15393,0,0,High-Support,0,Focused-Buyer,0,Weekday-Shopper
13014,0,2,Serial-Canceller,0,Focused-Buyer,0,Weekday-Shopper
17508,1,1,Low-Support,0,Focused-Buyer,0,Weekday-Shopper
13931,0,0,High-Support,0,Focused-Buyer,0,Weekday-Shopper
12541,0,0,High-Support,0,Focused-Buyer,0,Weekday-Shopper
13382,1,1,Low-Support,0,Focused-Buyer,0,Weekday-Shopper
15220,0,0,High-Support,1,Broad-Explorer,0,Weekday-Shopper
14570,1,0,High-Support,0,Focused-Buyer,0,Weekday-Shopper
14447,0,0,High-Support,0,Focused-Buyer,0,Weekday-Shopper
13557,0,1,Low-Support,0,Focused-Buyer,0,Weekday-Shopper
16449,1,0,High-Support,0,Focused-Buyer,0,Weekday-Shopper
12547,1,0,High-Support,0,Focused-Buyer,0,Weekday-Shopper
17325,1,1,Low-Support,0,Focused-Buyer,0,Weekday-Shopper
14995,0,1,Low-Support,0,Focused-Buyer,0,Weekday-Shopper
16414,0,1,Low-Support,0,Focused-Buyer,0,Weekday-Shopper
15681,0,2,Serial-Canceller,0,Focused-Buyer,0,Weekday-Shopper
14670,1,1,Low-Support,1,Broad-Explorer,0,Weekday-Shopper
15675,0,1,Low-Support,0,Focused-Buyer,0,Weekday-Shopper
12584,0,2,Serial-Canceller,0,Focused-Buyer,0,Weekday-Shopper
17535,1,1,Low-Support,0,Focused-Buyer,0,Weekday-Shopper
15400,1,1,Low-Support,0,Focused-Buyer,0,Weekday-Shopper
14903,0,1,Low-Support,1,Broad-Explorer,1,Weekend-Shopper
14499,0,0,High-Support,1,Broad-Explorer,1,Weekend-Shopper
18211,0,1,Low-Support,0,Focused-Buyer,0,Weekday-Shopper
14504,0,0,High-Support,0,Focused-Buyer,1,Weekend-Shopper
15572,0,0,High-Support,1,Broad-Explorer,0,Weekday-Shopper
17107,0,1,Low-Support,1,Broad-Explorer,1,Weekend-Shopper
14247,1,0,High-Support,0,Focused-Buyer,1,Weekend-Shopper
15554,1,1,Low-Support,0,Focused-Buyer,0,Weekday-Shopper
14915,0,1,Low-Support,0,Focused-Buyer,0,Weekday-Shopper
16136,0,0,High-Support,0,Focused-Buyer,0,Weekday-Shopper
18280,1,1,Low-Support,0,Focused-Buyer,0,Weekday-Shopper
12614,1,0,High-Support,0,Focused-Buyer,0,Weekday-Shopper
13344,0,0,High-Support,1,Broad-Explorer,0,Weekday-Shopper
16621,0,1,Low-Support,0,Focused-Buyer,1,Weekend-Shopper
16225,0,1,Low-Support,1,Broad-Explorer,0,Weekday-Shopper
14214,0,1,Low-Support,0,Focused-Buyer,0,Weekday-Shopper
14012,1,1,Low-Support,0,Focused-Buyer,0,Weekday-Shopper
16356,1,1,Low-Support,0,Focused-Buyer,0,Weekday-Shopper
17654,1,1,Low-Support,0,Focused-Buyer,0,Weekday-Shopper
15026,0,1,Low-Support,0,Focused-Buyer,0,Weekday-Shopper
16517,1,1,Low-Support,0,Focused-Buyer,0,Weekday-Shopper
14817,1,0,High-Support,0,Focused-Buyer,0,Weekday-Shopper
17092,0,1,Low-Support,1,Broad-Explorer,0,Weekday-Shopper
16242,0,0,High-Support,1,Broad-Explorer,0,Weekday-Shopper
15869,1,1,Low-Support,0,Focused-Buyer,0,Weekday-Shopper
17817,0,1,Low-Support,0,Focused-Buyer,0,Weekday-Shopper
15234,1,1,Low-Support,0,Focused-Buyer,0,Weekday-Shopper
15764,0,1,Low-Support,1,Broad-Explorer,0,Weekday-Shopper
15806,0,1,Low-Support,0,Focused-Buyer,0,Weekday-Shopper
15819,0,1,Low-Support,1,Broad-Explorer,0,Weekday-Shopper
14586,1,3,High-Returner,0,Focused-Buyer,0,Weekday-Shopper
15944,1,1,Low-Support,0,Focused-Buyer,0,Weekday-Shopper
13340,0,1,Low-Support,1,Broad-Explorer,0,Weekday-Shopper
16917,1,1,Low-Support,0,Focused-Buyer,0,Weekday-Shopper
14407,1,1,Low-Support,0,Focused-Buyer,0,Weekday-Shopper
13908,0,1,Low-Support,1,Broad-Explorer,0,Weekday-Shopper
12758,1,1,Low-Support,1,Broad-Explorer,0,Weekday-Shopper
13975,0,1,Low-Support,1,Broad-Explorer,0,Weekday-Shopper
14730,0,0,High-Support,1,Broad-Explorer,0,Weekday-Shopper
12623,1,1,Low-Support,0,Focused-Buyer,0,Weekday-Shopper
14367,0,1,Low-Support,1,Broad-Explorer,0,Weekday-Shopper
13373,0,1,Low-Support,1,Broad-Explorer,0,Weekday-Shopper
16712,0,1,Low-Support,1,Broad-Explorer,0,Weekday-Shopper
17639,1,0,High-Support,0,Focused-Buyer,0,Weekday-Shopper
16426,0,1,Low-Support,1,Broad-Explorer,0,Weekday-Shopper
16495,0,1,Low-Support,0,Focused-Buyer,0,Weekday-Shopper
14336,0,0,High-Support,0,Focused-Buyer,0,Weekday-Shopper
14507,0,1,Low-Support,0,Focused-Buyer,0,Weekday-Shopper
12759,0,1,Low-Support,0,Focused-Buyer,0,Weekday-Shopper
17049,0,1,Low-Support,1,Broad-Explorer,0,Weekday-Shopper
15206,0,1,Low-Support,0,Focused-Buyer,0,Weekday-Shopper
14013,1,1,Low-Support,0,Focused-Buyer,1,Weekend-Shopper
14645,1,0,High-Support,0,Focused-Buyer,0,Weekday-Shopper
15071,1,1,Low-Support,0,Focused-Buyer,0,Weekday-Shopper
14112,0,2,Serial-Canceller,1,Broad-Explorer,1,Weekend-Shopper
13026,0,0,High-Support,0,Focused-Buyer,0,Weekday-Shopper
12881,1,1,Low-Support,0,Focused-Buyer,0,Weekday-Shopper
17864,0,1,Low-Support,0,Focused-Buyer,1,Weekend-Shopper
14936,0,1,Low-Support,1,Broad-Explorer,0,Weekday-Shopper
17138,1,0,High-Support,0,Focused-Buyer,0,Weekday-Shopper
16572,1,1,Low-Support,0,Focused-Buyer,0,Weekday-Shopper
14165,1,0,High-Support,0,Focused-Buyer,0,Weekday-Shopper
15367,0,1,Low-Support,0,Focused-Buyer,0,Weekday-Shopper
14291,0,1,Low-Support,1,Broad-Explorer,0,Weekday-Shopper
15632,0,2,Serial-Canceller,0,Focused-Buyer,0,Weekday-Shopper
14297,0,1,Low-Support,0,Focused-Buyer,0,Weekday-Shopper
13899,0,1,Low-Support,0,Focused-Buyer,0,Weekday-Shopper
16471,1,1,Low-Support,0,Focused-Buyer,0,Weekday-Shopper
18183,1,1,Low-Support,0,Focused-Buyer,0,Weekday-Shopper
14603,1,0,High-Support,0,Focused-Buyer,0,Weekday-Shopper
18173,0,1,Low-Support,0,Focused-Buyer,0,Weekday-Shopper
14854,0,0,High-Support,0,Focused-Buyer,0,Weekday-Shopper
16625,1,0,High-Support,0,Focused-Buyer,0,Weekday-Shopper
14064,0,1,Low-Support,0,Focused-Buyer,0,Weekday-Shopper
15308,1,1,Low-Support,0,Focused-Buyer,0,Weekday-Shopper
18086,1,1,Low-Support,0,Focused-Buyer,0,Weekday-Shopper
14350,1,1,Low-Support,0,Focused-Buyer,0,Weekday-Shopper
14930,1,1,Low-Support,1,Broad-Explorer,0,Weekday-Shopper
16080,0,1,Low-Support,0,Focused-Buyer,0,Weekday-Shopper
14727,1,0,High-Support,0,Focused-Buyer,0,Weekday-Shopper
16778,0,1,Low-Support,0,Focused-Buyer,0,Weekday-Shopper
14077,0,0,High-Support,0,Focused-Buyer,0,Weekday-Shopper
16808,1,1,Low-Support,0,Focused-Buyer,0,Weekday-Shopper
16475,0,1,Low-Support,0,Focused-Buyer,0,Weekday-Shopper
13265,0,0,High-Support,0,Focused-Buyer,0,Weekday-Shopper
12520,0,1,Low-Support,1,Broad-Explorer,0,Weekday-Shopper
15049,1,1,Low-Support,0,Focused-Buyer,0,Weekday-Shopper
18149,0,0,High-Support,0,Focused-Buyer,0,Weekday-Shopper
13654,0,1,Low-Support,1,Broad-Explorer,1,Weekend-Shopper
16652,0,1,Low-Support,0,Focused-Buyer,0,Weekday-Shopper
16766,1,1,Low-Support,0,Focused-Buyer,0,Weekday-Shopper
16801,1,2,Serial-Canceller,0,Focused-Buyer,0,Weekday-Shopper
17164,0,0,High-Support,0,Focused-Buyer,0,Weekday-Shopper
13226,1,1,Low-Support,0,Focused-Buyer,0,Weekday-Shopper
13043,1,1,Low-Support,0,Focused-Buyer,0,Weekday-Shopper
14352,1,1,Low-Support,0,Focused-Buyer,0,Weekday-Shopper
17351,0,1,Low-Support,0,Focused-Buyer,0,Weekday-Shopper
16768,0,1,Low-Support,0,Focused-Buyer,1,Weekend-Shopper
16693,0,1,Low-Support,0,Focused-Buyer,1,Weekend-Shopper
13956,0,1,Low-Support,1,Broad-Explorer,1,Weekend-Shopper
13708,1,0,High-Support,0,Focused-Buyer,1,Weekend-Shopper
15918,1,0,High-Support,0,Focused-Buyer,1,Weekend-Shopper
15671,0,1,Low-Support,0,Focused-Buyer,0,Weekday-Shopper
14962,1,0,High-Support,0,Focused-Buyer,0,Weekday-Shopper
16807,1,1,Low-Support,0,Focused-Buyer,0,Weekday-Shopper
15125,0,2,Serial-Canceller,0,Focused-Buyer,0,Weekday-Shopper
16871,0,1,Low-Support,1,Broad-Explorer,0,Weekday-Shopper
12901,0,0,High-Support,0,Focused-Buyer,0,Weekday-Shopper
13452,1,0,High-Support,0,Focused-Buyer,0,Weekday-Shopper
15493,0,1,Low-Support,1,Broad-Explorer,0,Weekday-Shopper
16005,0,0,High-Support,1,Broad-Explorer,1,Weekend-Shopper
15388,1,1,Low-Support,0,Focused-Buyer,0,Weekday-Shopper
16804,0,1,Low-Support,0,Focused-Buyer,0,Weekday-Shopper
13499,0,1,Low-Support,0,Focused-Buyer,0,Weekday-Shopper
15047,1,1,Low-Support,0,Focused-Buyer,0,Weekday-Shopper
14193,0,1,Low-Support,0,Focused-Buyer,0,Weekday-Shopper
17542,1,1,Low-Support,0,Focused-Buyer,0,Weekday-Shopper
17080,0,1,Low-Support,0,Focused-Buyer,0,Weekday-Shopper
16392,1,1,Low-Support,0,Focused-Buyer,0,Weekday-Shopper
15106,0,1,Low-Support,0,Focused-Buyer,0,Weekday-Shopper
16214,1,0,High-Support,0,Focused-Buyer,0,Weekday-Shopper
13716,1,0,High-Support,0,Focused-Buyer,0,Weekday-Shopper
15150,0,1,Low-Support,1,Broad-Explorer,0,Weekday-Shopper
16061,1,3,High-Returner,0,Focused-Buyer,0,Weekday-Shopper
14226,0,1,Low-Support,0,Focused-Buyer,0,Weekday-Shopper
13121,1,0,High-Support,0,Focused-Buyer,0,Weekday-Shopper
16297,1,1,Low-Support,0,Focused-Buyer,0,Weekday-Shopper
12994,0,2,Serial-Canceller,0,Focused-Buyer,0,Weekday-Shopper
16152,1,1,Low-Support,0,Focused-Buyer,0,Weekday-Shopper
14636,0,1,Low-Support,0,Focused-Buyer,0,Weekday-Shopper
16040,0,1,Low-Support,0,Focused-Buyer,0,Weekday-Shopper
15793,0,1,Low-Support,0,Focused-Buyer,0,Weekday-Shopper
13358,1,1,Low-Support,0,Focused-Buyer,0,Weekday-Shopper
12849,0,0,High-Support,0,Focused-Buyer,0,Weekday-Shopper
15182,1,0,High-Support,0,Focused-Buyer,0,Weekday-Shopper
13299,1,1,Low-Support,0,Focused-Buyer,0,Weekday-Shopper
16383,0,1,Low-Support,1,Broad-Explorer,0,Weekday-Shopper
15381,1,1,Low-Support,0,Focused-Buyer,0,Weekday-Shopper
12597,0,1,Low-Support,1,Broad-Explorer,1,Weekend-Shopper
15030,0,1,Low-Support,0,Focused-Buyer,0,Weekday-Shopper
12435,0,1,Low-Support,0,Focused-Buyer,0,Weekday-Shopper
12955,0,1,Low-Support,0,Focused-Buyer,0,Weekday-Shopper
18189,0,0,High-Support,0,Focused-Buyer,0,Weekday-Shopper
13946,0,0,High-Support,0,Focused-Buyer,1,Weekend-Shopper
17716,0,0,High-Support,1,Broad-Explorer,0,Weekday-Shopper
13185,1,1,Low-Support,0,Focused-Buyer,0,Weekday-Shopper
14840,1,1,Low-Support,0,Focused-Buyer,0,Weekday-Shopper
13216,1,0,High-Support,0,Focused-Buyer,0,Weekday-Shopper
13650,0,0,High-Support,0,Focused-Buyer,0,Weekday-Shopper
13533,1,1,Low-Support,0,Focused-Buyer,0,Weekday-Shopper
13268,0,1,Low-Support,1,Broad-Explorer,0,Weekday-Shopper
15433,0,2,Serial-Canceller,0,Focused-Buyer,0,Weekday-Shopper
12937,0,1,Low-Support,0,Focused-Buyer,0,Weekday-Shopper
17603,0,3,High-Returner,0,Focused-Buyer,0,Weekday-Shopper
16216,1,1,Low-Support,0,Focused-Buyer,0,Weekday-Shopper
16377,1,1,Low-Support,0,Focused-Buyer,0,Weekday-Shopper
16976,1,1,Low-Support,0,Focused-Buyer,0,Weekday-Shopper
12514,1,1,Low-Support,0,Focused-Buyer,0,Weekday-Shopper
18210,0,0,High-Support,1,Broad-Explorer,0,Weekday-Shopper
13631,1,1,Low-Support,0,Focused-Buyer,0,Weekday-Shopper
14422,0,1,Low-Support,1,Broad-Explorer,0,Weekday-Shopper
15648,1,1,Low-Support,0,Focused-Buyer,0,Weekday-Shopper
17725,0,0,High-Support,0,Focused-Buyer,0,Weekday-Shopper
15861,0,1,Low-Support,1,Broad-Explorer,1,Weekend-Shopper
13072,1,1,Low-Support,0,Focused-Buyer,0,Weekday-Shopper
15695,1,1,Low-Support,0,Focused-Buyer,0,Weekday-Shopper
14110,0,1,Low-Support,0,Focused-Buyer,0,Weekday-Shopper
14059,1,0,High-Support,0,Focused-Buyer,0,Weekday-Shopper
16672,0,0,High-Support,0,Focused-Buyer,0,Weekday-Shopper
16511,0,1,Low-Support,1,Broad-Explorer,0,Weekday-Shopper
16256,1,1,Low-Support,0,Focused-Buyer,0,Weekday-Shopper
13591,0,1,Low-Support,0,Focused-Buyer,0,Weekday-Shopper
14066,1,1,Low-Support,0,Focused-Buyer,0,Weekday-Shopper
15483,1,1,Low-Support,0,Focused-Buyer,0,Weekday-Shopper
16626,0,0,High-Support,0,Focused-Buyer,0,Weekday-Shopper
15019,1,0,High-Support,1,Broad-Explorer,0,Weekday-Shopper
18270,0,1,Low-Support,0,Focused-Buyer,0,Weekday-Shopper
14315,0,0,High-Support,0,Focused-Buyer,0,Weekday-Shopper
17921,0,1,Low-Support,1,Broad-Explorer,0,Weekday-Shopper
14041,1,1,Low-Support,0,Focused-Buyer,0,Weekday-Shopper
17060,1,1,Low-Support,0,Focused-Buyer,0,Weekday-Shopper
16023,0,1,Low-Support,1,Broad-Explorer,0,Weekday-Shopper
17133,0,1,Low-Support,0,Focused-Buyer,0,Weekday-Shopper
12878,0,1,Low-Support,0,Focused-Buyer,1,Weekend-Shopper
14155,1,1,Low-Support,0,Focused-Buyer,0,Weekday-Shopper
17043,0,0,High-Support,1,Broad-Explorer,0,Weekday-Shopper
13046,0,1,Low-Support,0,Focused-Buyer,0,Weekday-Shopper
14633,1,1,Low-Support,0,Focused-Buyer,0,Weekday-Shopper
12948,0,1,Low-Support,0,Focused-Buyer,0,Weekday-Shopper
15703,1,1,Low-Support,0,Focused-Buyer,1,Weekend-Shopper
14071,0,1,Low-Support,1,Broad-Explorer,0,Weekday-Shopper
17134,1,1,Low-Support,0,Focused-Buyer,1,Weekend-Shopper
17795,1,1,Low-Support,0,Focused-Buyer,0,Weekday-Shopper
12902,1,1,Low-Support,0,Focused-Buyer,1,Weekend-Shopper
16444,0,1,Low-Support,0,Focused-Buyer,1,Weekend-Shopper
14232,0,1,Low-Support,0,Focused-Buyer,1,Weekend-Shopper
14693,1,0,High-Support,0,Focused-Buyer,1,Weekend-Shopper
12407,0,1,Low-Support,0,Focused-Buyer,0,Weekday-Shopper
16728,0,1,Low-Support,1,Broad-Explorer,1,Weekend-Shopper
16096,1,0,High-Support,0,Focused-Buyer,1,Weekend-Shopper
13985,0,1,Low-Support,0,Focused-Buyer,0,Weekday-Shopper
13592,0,1,Low-Support,0,Focused-Buyer,0,Weekday-Shopper
15140,0,1,Low-Support,0,Focused-Buyer,0,Weekday-Shopper
12843,0,0,High-Support,0,Focused-Buyer,0,Weekday-Shopper
14408,0,1,Low-Support,0,Focused-Buyer,0,Weekday-Shopper
15408,1,1,Low-Support,0,Focused-Buyer,1,Weekend-Shopper
15445,1,0,High-Support,0,Focused-Buyer,1,Weekend-Shopper
15452,0,1,Low-Support,0,Focused-Buyer,1,Weekend-Shopper
14223,1,1,Low-Support,0,Focused-Buyer,0,Weekday-Shopper
16619,1,0,High-Support,0,Focused-Buyer,0,Weekday-Shopper
14762,1,1,Low-Support,0,Focused-Buyer,0,Weekday-Shopper
13934,1,1,Low-Support,0,Focused-Buyer,0,Weekday-Shopper
15669,0,1,Low-Support,0,Focused-Buyer,0,Weekday-Shopper
16384,0,1,Low-Support,0,Focused-Buyer,0,Weekday-Shopper
18224,1,1,Low-Support,0,Focused-Buyer,0,Weekday-Shopper
14245,1,1,Low-Support,1,Broad-Explorer,0,Weekday-Shopper
17678,1,1,Low-Support,0,Focused-Buyer,0,Weekday-Shopper
15855,1,1,Low-Support,0,Focused-Buyer,0,Weekday-Shopper
16036,0,1,Low-Support,0,Focused-Buyer,0,Weekday-Shopper
17763,1,1,Low-Support,0,Focused-Buyer,0,Weekday-Shopper
13262,1,0,High-Support,0,Focused-Buyer,0,Weekday-Shopper
17152,1,1,Low-Support,0,Focused-Buyer,0,Weekday-Shopper
14632,1,1,Low-Support,0,Focused-Buyer,0,Weekday-Shopper
13900,1,1,Low-Support,0,Focused-Buyer,0,Weekday-Shopper
14875,0,1,Low-Support,0,Focused-Buyer,0,Weekday-Shopper
15132,0,1,Low-Support,0,Focused-Buyer,0,Weekday-Shopper
17272,0,0,High-Support,0,Focused-Buyer,0,Weekday-Shopper
16135,1,1,Low-Support,0,Focused-Buyer,0,Weekday-Shopper
12831,1,0,High-Support,0,Focused-Buyer,0,Weekday-Shopper
15437,1,1,Low-Support,0,Focused-Buyer,0,Weekday-Shopper
16809,0,1,Low-Support,0,Focused-Buyer,0,Weekday-Shopper
14711,0,0,High-Support,1,Broad-Explorer,0,Weekday-Shopper
14377,1,1,Low-Support,0,Focused-Buyer,0,Weekday-Shopper
16374,0,1,Low-Support,1,Broad-Explorer,0,Weekday-Shopper
13196,0,1,Low-Support,1,Broad-Explorer,0,Weekday-Shopper
15457,1,1,Low-Support,1,Broad-Explorer,0,Weekday-Shopper
12613,0,2,Serial-Canceller,1,Broad-Explorer,0,Weekday-Shopper
16721,1,1,Low-Support,0,Focused-Buyer,0,Weekday-Shopper
12399,1,1,Low-Support,0,Focused-Buyer,0,Weekday-Shopper
17733,0,1,Low-Support,0,Focused-Buyer,0,Weekday-Shopper
17102,1,1,Low-Support,0,Focused-Buyer,0,Weekday-Shopper
15410,0,1,Low-Support,0,Focused-Buyer,0,Weekday-Shopper
13239,1,1,Low-Support,0,Focused-Buyer,0,Weekday-Shopper
15449,0,0,High-Support,0,Focused-Buyer,0,Weekday-Shopper
14870,1,1,Low-Support,0,Focused-Buyer,0,Weekday-Shopper
13821,1,1,Low-Support,0,Focused-Buyer,0,Weekday-Shopper
17096,0,1,Low-Support,0,Focused-Buyer,0,Weekday-Shopper
12604,0,1,Low-Support,0,Focused-Buyer,0,Weekday-Shopper
12818,1,1,Low-Support,0,Focused-Buyer,0,Weekday-Shopper
18191,1,0,High-Support,0,Focused-Buyer,0,Weekday-Shopper
14461,1,1,Low-Support,1,Broad-Explorer,0,Weekday-Shopper
13132,1,1,Low-Support,0,Focused-Buyer,0,Weekday-Shopper
16859,1,2,Serial-Canceller,0,Focused-Buyer,0,Weekday-Shopper
15245,1,1,Low-Support,0,Focused-Buyer,0,Weekday-Shopper
17486,1,0,High-Support,0,Focused-Buyer,0,Weekday-Shopper
16308,0,0,High-Support,0,Focused-Buyer,0,Weekday-Shopper
12564,1,0,High-Support,0,Focused-Buyer,0,Weekday-Shopper
14607,0,2,Serial-Canceller,0,Focused-Buyer,0,Weekday-Shopper
13249,1,1,Low-Support,0,Focused-Buyer,0,Weekday-Shopper
15644,1,1,Low-Support,1,Broad-Explorer,1,Weekend-Shopper
14075,0,1,Low-Support,0,Focused-Buyer,0,Weekday-Shopper
17250,0,1,Low-Support,0,Focused-Buyer,0,Weekday-Shopper
17966,0,1,Low-Support,0,Focused-Buyer,0,Weekday-Shopper
14129,0,1,Low-Support,0,Focused-Buyer,0,Weekday-Shopper
15651,0,0,High-Support,0,Focused-Buyer,0,Weekday-Shopper
13035,0,1,Low-Support,0,Focused-Buyer,0,Weekday-Shopper
13341,1,1,Low-Support,0,Focused-Buyer,0,Weekday-Shopper
13512,1,0,High-Support,0,Focused-Buyer,0,Weekday-Shopper
16620,0,0,High-Support,0,Focused-Buyer,0,Weekday-Shopper
17698,1,1,Low-Support,0,Focused-Buyer,0,Weekday-Shopper
14267,1,2,Serial-Canceller,0,Focused-Buyer,0,Weekday-Shopper
13736,0,1,Low-Support,1,Broad-Explorer,1,Weekend-Shopper
16022,1,1,Low-Support,1,Broad-Explorer,0,Weekday-Shopper
14235,0,0,High-Support,0,Focused-Buyer,0,Weekday-Shopper
16769,1,1,Low-Support,0,Focused-Buyer,0,Weekday-Shopper
17754,0,0,High-Support,0,Focused-Buyer,0,Weekday-Shopper
12408,0,0,High-Support,0,Focused-Buyer,0,Weekday-Shopper
16063,1,1,Low-Support,0,Focused-Buyer,0,Weekday-Shopper
15178,1,1,Low-Support,0,Focused-Buyer,0,Weekday-Shopper
14348,1,1,Low-Support,0,Focused-Buyer,0,Weekday-Shopper
15815,0,0,High-Support,0,Focused-Buyer,0,Weekday-Shopper
13695,0,0,High-Support,0,Focused-Buyer,0,Weekday-Shopper
17979,0,0,High-Support,1,Broad-Explorer,0,Weekday-Shopper
13139,0,0,High-Support,1,Broad-Explorer,0,Weekday-Shopper
12545,0,1,Low-Support,0,Focused-Buyer,0,Weekday-Shopper
14758,1,1,Low-Support,0,Focused-Buyer,0,Weekday-Shopper
14536,1,0,High-Support,0,Focused-Buyer,0,Weekday-Shopper
13662,0,0,High-Support,0,Focused-Buyer,0,Weekday-Shopper
17946,1,1,Low-Support,0,Focused-Buyer,0,Weekday-Shopper
13743,0,1,Low-Support,0,Focused-Buyer,0,Weekday-Shopper
18078,1,0,High-Support,0,Focused-Buyer,0,Weekday-Shopper
16780,1,1,Low-Support,0,Focused-Buyer,0,Weekday-Shopper
18273,0,1,Low-Support,0,Focused-Buyer,0,Weekday-Shopper
15045,1,1,Low-Support,0,Focused-Buyer,0,Weekday-Shopper
17625,0,1,Low-Support,1,Broad-Explorer,0,Weekday-Shopper
13357,1,0,High-Support,1,Broad-Explorer,1,Weekend-Shopper
16777,0,0,High-Support,0,Focused-Buyer,1,Weekend-Shopper
14476,1,1,Low-Support,0,Focused-Buyer,1,Weekend-Shopper
16245,0,1,Low-Support,0,Focused-Buyer,0,Weekday-Shopper
12669,1,0,High-Support,1,Broad-Explorer,0,Weekday-Shopper
12792,1,1,Low-Support,0,Focused-Buyer,0,Weekday-Shopper
17765,1,1,Low-Support,0,Focused-Buyer,0,Weekday-Shopper
15083,1,1,Low-Support,0,Focused-Buyer,0,Weekday-Shopper
18010,1,1,Low-Support,0,Focused-Buyer,0,Weekday-Shopper
15249,0,1,Low-Support,1,Broad-Explorer,0,Weekday-Shopper
13760,0,1,Low-Support,0,Focused-Buyer,1,Weekend-Shopper
15624,1,1,Low-Support,0,Focused-Buyer,0,Weekday-Shopper
17749,1,1,Low-Support,0,Focused-Buyer,0,Weekday-Shopper
15068,0,1,Low-Support,1,Broad-Explorer,0,Weekday-Shopper
14538,0,1,Low-Support,0,Focused-Buyer,0,Weekday-Shopper
14851,0,1,Low-Support,0,Focused-Buyer,0,Weekday-Shopper
14021,1,1,Low-Support,0,Focused-Buyer,0,Weekday-Shopper
13037,1,0,High-Support,0,Focused-Buyer,0,Weekday-Shopper
18177,0,1,Low-Support,0,Focused-Buyer,0,Weekday-Shopper
14128,0,0,High-Support,0,Focused-Buyer,0,Weekday-Shopper
17874,1,1,Low-Support,0,Focused-Buyer,0,Weekday-Shopper
17719,0,1,Low-Support,0,Focused-Buyer,0,Weekday-Shopper
17931,1,1,Low-Support,0,Focused-Buyer,0,Weekday-Shopper
13803,1,0,High-Support,0,Focused-Buyer,0,Weekday-Shopper
17398,1,1,Low-Support,0,Focused-Buyer,0,Weekday-Shopper
15906,0,1,Low-Support,1,Broad-Explorer,1,Weekend-Shopper
16253,0,1,Low-Support,1,Broad-Explorer,0,Weekday-Shopper
13439,1,1,Low-Support,1,Broad-Explorer,0,Weekday-Shopper
12888,1,3,High-Returner,0,Focused-Buyer,0,Weekday-Shopper
13588,0,0,High-Support,1,Broad-Explorer,0,Weekday-Shopper
12456,0,1,Low-Support,1,Broad-Explorer,0,Weekday-Shopper
15521,0,2,Serial-Canceller,0,Focused-Buyer,0,Weekday-Shopper
13720,1,1,Low-Support,0,Focused-Buyer,0,Weekday-Shopper
15674,0,2,Serial-Canceller,0,Focused-Buyer,0,Weekday-Shopper
17594,0,1,Low-Support,0,Focused-Buyer,0,Weekday-Shopper
17775,1,1,Low-Support,0,Focused-Buyer,0,Weekday-Shopper
13988,0,1,Low-Support,1,Broad-Explorer,0,Weekday-Shopper
16657,0,1,Low-Support,1,Broad-Explorer,0,Weekday-Shopper
15424,1,1,Low-Support,0,Focused-Buyer,0,Weekday-Shopper
13316,0,1,Low-Support,0,Focused-Buyer,0,Weekday-Shopper
16788,1,0,High-Support,1,Broad-Explorer,0,Weekday-Shopper
16584,0,0,High-Support,0,Focused-Buyer,0,Weekday-Shopper
15364,1,1,Low-Support,0,Focused-Buyer,0,Weekday-Shopper
18108,1,0,High-Support,0,Focused-Buyer,0,Weekday-Shopper
14272,0,1,Low-Support,0,Focused-Buyer,0,Weekday-Shopper
15980,0,0,High-Support,0,Focused-Buyer,0,Weekday-Shopper
15832,1,1,Low-Support,1,Broad-Explorer,0,Weekday-Shopper
16092,1,0,High-Support,0,Focused-Buyer,0,Weekday-Shopper
15528,1,1,Low-Support,0,Focused-Buyer,0,Weekday-Shopper
16398,1,1,Low-Support,0,Focused-Buyer,0,Weekday-Shopper
17088,0,1,Low-Support,1,Broad-Explorer,0,Weekday-Shopper
17438,1,1,Low-Support,0,Focused-Buyer,0,Weekday-Shopper
13060,1,1,Low-Support,0,Focused-Buyer,0,Weekday-Shopper
14790,0,1,Low-Support,0,Focused-Buyer,0,Weekday-Shopper
14890,1,0,High-Support,0,Focused-Buyer,0,Weekday-Shopper
16386,0,1,Low-Support,1,Broad-Explorer,0,Weekday-Shopper
14818,0,1,Low-Support,0,Focused-Buyer,0,Weekday-Shopper
13571,0,1,Low-Support,1,Broad-Explorer,0,Weekday-Shopper
12909,0,0,High-Support,0,Focused-Buyer,0,Weekday-Shopper
12619,0,1,Low-Support,0,Focused-Buyer,0,Weekday-Shopper
16698,1,0,High-Support,0,Focused-Buyer,0,Weekday-Shopper
16681,0,1,Low-Support,0,Focused-Buyer,0,Weekday-Shopper
13573,0,1,Low-Support,0,Focused-Buyer,0,Weekday-Shopper
14957,1,0,High-Support,0,Focused-Buyer,0,Weekday-Shopper
13918,0,0,High-Support,0,Focused-Buyer,0,Weekday-Shopper
17212,1,1,Low-Support,0,Focused-Buyer,0,Weekday-Shopper
17781,1,1,Low-Support,0,Focused-Buyer,1,Weekend-Shopper
14886,1,1,Low-Support,0,Focused-Buyer,0,Weekday-Shopper
13626,1,1,Low-Support,0,Focused-Buyer,0,Weekday-Shopper
16609,0,1,Low-Support,1,Broad-Explorer,0,Weekday-Shopper
16180,1,2,Serial-Canceller,0,Focused-Buyer,0,Weekday-Shopper
13462,1,1,Low-Support,0,Focused-Buyer,0,Weekday-Shopper
18263,0,1,Low-Support,0,Focused-Buyer,0,Weekday-Shopper
16960,0,0,High-Support,1,Broad-Explorer,0,Weekday-Shopper
13841,1,1,Low-Support,0,Focused-Buyer,0,Weekday-Shopper
17701,1,0,High-Support,0,Focused-Buyer,0,Weekday-Shopper
12949,0,1,Low-Support,1,Broad-Explorer,0,Weekday-Shopper
14852,0,0,High-Support,0,Focused-Buyer,0,Weekday-Shopper
12569,0,1,Low-Support,0,Focused-Buyer,0,Weekday-Shopper
13169,0,1,Low-Support,0,Focused-Buyer,0,Weekday-Shopper
16162,1,1,Low-Support,0,Focused-Buyer,0,Weekday-Shopper
15691,1,1,Low-Support,0,Focused-Buyer,0,Weekday-Shopper
14195,1,1,Low-Support,0,Focused-Buyer,0,Weekday-Shopper
13781,1,1,Low-Support,0,Focused-Buyer,1,Weekend-Shopper
17758,0,0,High-Support,1,Broad-Explorer,1,Weekend-Shopper
14023,0,1,Low-Support,0,Focused-Buyer,1,Weekend-Shopper
17669,0,1,Low-Support,0,Focused-Buyer,0,Weekday-Shopper
16142,1,1,Low-Support,0,Focused-Buyer,0,Weekday-Shopper
17648,0,1,Low-Support,0,Focused-Buyer,0,Weekday-Shopper
13059,1,0,High-Support,0,Focused-Buyer,0,Weekday-Shopper
16224,0,1,Low-Support,0,Focused-Buyer,0,Weekday-Shopper
15223,1,3,High-Returner,0,Focused-Buyer,0,Weekday-Shopper
17886,0,0,High-Support,1,Broad-Explorer,0,Weekday-Shopper
13294,1,1,Low-Support,0,Focused-Buyer,0,Weekday-Shopper
15289,0,1,Low-Support,0,Focused-Buyer,0,Weekday-Shopper
18185,1,1,Low-Support,0,Focused-Buyer,0,Weekday-Shopper
17956,1,0,High-Support,0,Focused-Buyer,0,Weekday-Shopper
15756,0,0,High-Support,1,Broad-Explorer,1,Weekend-Shopper
14747,1,1,Low-Support,0,Focused-Buyer,0,Weekday-Shopper
14719,0,1,Low-Support,1,Broad-Explorer,0,Weekday-Shopper
13015,0,0,High-Support,1,Broad-Explorer,0,Weekday-Shopper
16586,1,0,High-Support,0,Focused-Buyer,0,Weekday-Shopper
16105,1,0,High-Support,0,Focused-Buyer,0,Weekday-Shopper
14546,0,2,Serial-Canceller,1,Broad-Explorer,1,Weekend-Shopper
15442,1,0,High-Support,0,Focused-Buyer,0,Weekday-Shopper
16906,0,1,Low-Support,0,Focused-Buyer,0,Weekday-Shopper
14535,0,1,Low-Support,1,Broad-Explorer,0,Weekday-Shopper
16170,0,1,Low-Support,0,Focused-Buyer,0,Weekday-Shopper
15244,0,1,Low-Support,0,Focused-Buyer,0,Weekday-Shopper
16696,1,1,Low-Support,0,Focused-Buyer,0,Weekday-Shopper
15145,0,1,Low-Support,0,Focused-Buyer,0,Weekday-Shopper
17492,1,0,High-Support,0,Focused-Buyer,0,Weekday-Shopper
13525,0,1,Low-Support,0,Focused-Buyer,0,Weekday-Shopper
17409,1,1,Low-Support,0,Focused-Buyer,0,Weekday-Shopper
17783,0,1,Low-Support,0,Focused-Buyer,0,Weekday-Shopper
13863,1,0,High-Support,0,Focused-Buyer,0,Weekday-Shopper
13515,0,1,Low-Support,0,Focused-Buyer,0,Weekday-Shopper
15917,1,1,Low-Support,0,Focused-Buyer,0,Weekday-Shopper
17440,1,3,High-Returner,0,Focused-Buyer,0,Weekday-Shopper
17045,1,0,High-Support,0,Focused-Buyer,0,Weekday-Shopper
17140,1,0,High-Support,0,Focused-Buyer,0,Weekday-Shopper
15201,0,2,Serial-Canceller,0,Focused-Buyer,0,Weekday-Shopper
14964,1,1,Low-Support,0,Focused-Buyer,0,Weekday-Shopper
16031,1,1,Low-Support,1,Broad-Explorer,0,Weekday-Shopper
14403,1,3,High-Returner,0,Focused-Buyer,0,Weekday-Shopper
17042,0,0,High-Support,0,Focused-Buyer,0,Weekday-Shopper
13771,0,0,High-Support,1,Broad-Explorer,0,Weekday-Shopper
17906,1,0,High-Support,0,Focused-Buyer,0,Weekday-Shopper
18272,0,1,Low-Support,0,Focused-Buyer,0,Weekday-Shopper
16144,1,0,High-Support,0,Focused-Buyer,0,Weekday-Shopper
13731,1,0,High-Support,0,Focused-Buyer,0,Weekday-Shopper
12580,1,1,Low-Support,0,Focused-Buyer,0,Weekday-Shopper
14912,0,0,High-Support,0,Focused-Buyer,0,Weekday-Shopper
15530,0,1,Low-Support,0,Focused-Buyer,0,Weekday-Shopper
13950,0,0,High-Support,0,Focused-Buyer,0,Weekday-Shopper
13752,1,1,Low-Support,0,Focused-Buyer,1,Weekend-Shopper
13892,0,0,High-Support,0,Focused-Buyer,0,Weekday-Shopper
14446,0,1,Low-Support,1,Broad-Explorer,0,Weekday-Shopper
16209,0,1,Low-Support,0,Focused-Buyer,0,Weekday-Shopper
15754,0,0,High-Support,0,Focused-Buyer,0,Weekday-Shopper
13712,1,1,Low-Support,0,Focused-Buyer,0,Weekday-Shopper
15800,1,1,Low-Support,1,Broad-Explorer,0,Weekday-Shopper
16469,0,0,High-Support,1,Broad-Explorer,0,Weekday-Shopper
13005,1,1,Low-Support,0,Focused-Buyer,0,Weekday-Shopper
14981,1,1,Low-Support,0,Focused-Buyer,0,Weekday-Shopper
17928,0,1,Low-Support,0,Focused-Buyer,0,Weekday-Shopper
16261,0,1,Low-Support,1,Broad-Explorer,0,Weekday-Shopper
17883,0,0,High-Support,1,Broad-Explorer,0,Weekday-Shopper
14619,1,1,Low-Support,0,Focused-Buyer,0,Weekday-Shopper
13995,0,1,Low-Support,0,Focused-Buyer,0,Weekday-Shopper
16643,1,0,High-Support,0,Focused-Buyer,0,Weekday-Shopper
14246,1,0,High-Support,0,Focused-Buyer,0,Weekday-Shopper
18040,0,1,Low-Support,0,Focused-Buyer,0,Weekday-Shopper
16837,0,1,Low-Support,1,Broad-Explorer,0,Weekday-Shopper
15119,1,1,Low-Support,0,Focused-Buyer,0,Weekday-Shopper
16325,0,1,Low-Support,0,Focused-Buyer,0,Weekday-Shopper
14924,1,1,Low-Support,0,Focused-Buyer,0,Weekday-Shopper
15109,1,1,Low-Support,0,Focused-Buyer,0,Weekday-Shopper
16623,1,1,Low-Support,0,Focused-Buyer,0,Weekday-Shopper
12999,1,1,Low-Support,0,Focused-Buyer,0,Weekday-Shopper
12717,1,0,High-Support,0,Focused-Buyer,0,Weekday-Shopper
13962,0,0,High-Support,0,Focused-Buyer,0,Weekday-Shopper
18036,0,1,Low-Support,0,Focused-Buyer,0,Weekday-Shopper
14958,1,0,High-Support,0,Focused-Buyer,0,Weekday-Shopper
13562,0,1,Low-Support,0,Focused-Buyer,0,Weekday-Shopper
15775,1,1,Low-Support,0,Focused-Buyer,0,Weekday-Shopper
17054,0,0,High-Support,0,Focused-Buyer,0,Weekday-Shopper
17268,1,1,Low-Support,0,Focused-Buyer,0,Weekday-Shopper
13548,1,0,High-Support,1,Broad-Explorer,1,Weekend-Shopper
13508,1,1,Low-Support,0,Focused-Buyer,1,Weekend-Shopper
12447,1,1,Low-Support,0,Focused-Buyer,1,Weekend-Shopper
13570,1,1,Low-Support,0,Focused-Buyer,1,Weekend-Shopper
13232,0,1,Low-Support,1,Broad-Explorer,1,Weekend-Shopper
18129,1,1,Low-Support,0,Focused-Buyer,1,Weekend-Shopper
13632,0,1,Low-Support,1,Broad-Explorer,1,Weekend-Shopper
15665,1,0,High-Support,1,Broad-Explorer,1,Weekend-Shopper
17550,1,0,High-Support,0,Focused-Buyer,1,Weekend-Shopper
15655,1,1,Low-Support,0,Focused-Buyer,1,Weekend-Shopper
14286,0,1,Low-Support,1,Broad-Explorer,0,Weekday-Shopper
16188,0,1,Low-Support,0,Focused-Buyer,0,Weekday-Shopper
12656,0,1,Low-Support,0,Focused-Buyer,0,Weekday-Shopper
15214,0,0,High-Support,0,Focused-Buyer,0,Weekday-Shopper
17574,1,1,Low-Support,0,Focused-Buyer,0,Weekday-Shopper
15737,0,1,Low-Support,0,Focused-Buyer,0,Weekday-Shopper
18080,0,0,High-Support,0,Focused-Buyer,0,Weekday-Shopper
14311,1,3,High-Returner,0,Focused-Buyer,0,Weekday-Shopper
14339,1,3,High-Returner,0,Focused-Buyer,0,Weekday-Shopper
12982,1,1,Low-Support,0,Focused-Buyer,0,Weekday-Shopper
12701,0,1,Low-Support,0,Focused-Buyer,0,Weekday-Shopper
12596,0,1,Low-Support,0,Focused-Buyer,0,Weekday-Shopper
14273,0,0,High-Support,0,Focused-Buyer,0,Weekday-Shopper
12363,1,0,High-Support,0,Focused-Buyer,0,Weekday-Shopper
13549,0,1,Low-Support,0,Focused-Buyer,0,Weekday-Shopper
15414,0,0,High-Support,0,Focused-Buyer,0,Weekday-Shopper
13203,0,1,Low-Support,0,Focused-Buyer,0,Weekday-Shopper
14628,1,1,Low-Support,0,Focused-Buyer,0,Weekday-Shopper
14326,1,0,High-Support,0,Focused-Buyer,0,Weekday-Shopper
15935,1,1,Low-Support,0,Focused-Buyer,0,Weekday-Shopper
13655,1,0,High-Support,0,Focused-Buyer,0,Weekday-Shopper
12910,0,1,Low-Support,0,Focused-Buyer,0,Weekday-Shopper
13577,0,1,Low-Support,0,Focused-Buyer,0,Weekday-Shopper
15251,0,2,Serial-Canceller,0,Focused-Buyer,0,Weekday-Shopper
14111,0,1,Low-Support,0,Focused-Buyer,0,Weekday-Shopper
17160,0,0,High-Support,1,Broad-Explorer,0,Weekday-Shopper
16172,1,1,Low-Support,0,Focused-Buyer,0,Weekday-Shopper
17972,1,0,High-Support,0,Focused-Buyer,0,Weekday-Shopper
12463,0,1,Low-Support,0,Focused-Buyer,0,Weekday-Shopper
14844,0,1,Low-Support,0,Focused-Buyer,0,Weekday-Shopper
17278,1,0,High-Support,0,Focused-Buyer,0,Weekday-Shopper
15212,1,3,High-Returner,0,Focused-Buyer,0,Weekday-Shopper
16729,0,1,Low-Support,1,Broad-Explorer,0,Weekday-Shopper
14998,1,1,Low-Support,0,Focused-Buyer,0,Weekday-Shopper
13484,1,0,High-Support,0,Focused-Buyer,0,Weekday-Shopper
16697,1,1,Low-Support,0,Focused-Buyer,0,Weekday-Shopper
14931,0,1,Low-Support,0,Focused-Buyer,0,Weekday-Shopper
18236,0,1,Low-Support,0,Focused-Buyer,0,Weekday-Shopper
13740,1,1,Low-Support,0,Focused-Buyer,0,Weekday-Shopper
16454,0,3,High-Returner,0,Focused-Buyer,0,Weekday-Shopper
15230,1,1,Low-Support,0,Focused-Buyer,0,Weekday-Shopper
15134,0,1,Low-Support,0,Focused-Buyer,0,Weekday-Shopper
16309,1,1,Low-Support,0,Focused-Buyer,0,Weekday-Shopper
13544,0,0,High-Support,1,Broad-Explorer,0,Weekday-Shopper
14262,0,1,Low-Support,0,Focused-Buyer,0,Weekday-Shopper
13134,0,1,Low-Support,0,Focused-Buyer,0,Weekday-Shopper
17589,0,0,High-Support,1,Broad-Explorer,0,Weekday-Shopper
16097,1,1,Low-Support,0,Focused-Buyer,0,Weekday-Shopper
13122,1,0,High-Support,0,Focused-Buyer,0,Weekday-Shopper
16966,0,1,Low-Support,0,Focused-Buyer,0,Weekday-Shopper
17746,1,3,High-Returner,0,Focused-Buyer,0,Weekday-Shopper
16175,1,1,Low-Support,0,Focused-Buyer,0,Weekday-Shopper
14834,0,1,Low-Support,0,Focused-Buyer,0,Weekday-Shopper
16348,0,0,High-Support,1,Broad-Explorer,0,Weekday-Shopper
15147,1,1,Low-Support,0,Focused-Buyer,0,Weekday-Shopper
16131,0,1,Low-Support,0,Focused-Buyer,0,Weekday-Shopper
15813,1,1,Low-Support,0,Focused-Buyer,0,Weekday-Shopper
17058,0,1,Low-Support,0,Focused-Buyer,0,Weekday-Shopper
17704,1,0,High-Support,0,Focused-Buyer,0,Weekday-Shopper
16933,0,1,Low-Support,0,Focused-Buyer,0,Weekday-Shopper
13772,0,1,Low-Support,1,Broad-Explorer,1,Weekend-Shopper
16249,0,1,Low-Support,0,Focused-Buyer,0,Weekday-Shopper
14198,0,0,High-Support,0,Focused-Buyer,0,Weekday-Shopper
13989,0,0,High-Support,0,Focused-Buyer,0,Weekday-Shopper
17930,0,0,High-Support,0,Focused-Buyer,0,Weekday-Shopper
14154,1,1,Low-Support,0,Focused-Buyer,0,Weekday-Shopper
14482,0,1,Low-Support,1,Broad-Explorer,0,Weekday-Shopper
14163,0,0,High-Support,0,Focused-Buyer,0,Weekday-Shopper
14105,0,0,High-Support,0,Focused-Buyer,0,Weekday-Shopper
17601,1,1,Low-Support,0,Focused-Buyer,0,Weekday-Shopper
17142,1,0,High-Support,0,Focused-Buyer,0,Weekday-Shopper
13811,1,1,Low-Support,0,Focused-Buyer,0,Weekday-Shopper
12457,0,1,Low-Support,0,Focused-Buyer,0,Weekday-Shopper
15135,1,1,Low-Support,0,Focused-Buyer,0,Weekday-Shopper
16806,1,0,High-Support,0,Focused-Buyer,1,Weekend-Shopper
13952,1,1,Low-Support,1,Broad-Explorer,0,Weekday-Shopper
13120,1,1,Low-Support,0,Focused-Buyer,0,Weekday-Shopper
12769,1,1,Low-Support,0,Focused-Buyer,0,Weekday-Shopper
13516,0,1,Low-Support,0,Focused-Buyer,0,Weekday-Shopper
14323,1,1,Low-Support,0,Focused-Buyer,0,Weekday-Shopper
18079,0,1,Low-Support,1,Broad-Explorer,0,Weekday-Shopper
12639,1,0,High-Support,0,Focused-Buyer,0,Weekday-Shopper
14700,0,1,Low-Support,0,Focused-Buyer,0,Weekday-Shopper
15027,0,1,Low-Support,0,Focused-Buyer,0,Weekday-Shopper
17367,1,1,Low-Support,0,Focused-Buyer,0,Weekday-Shopper
18213,1,1,Low-Support,0,Focused-Buyer,1,Weekend-Shopper
17029,1,1,Low-Support,0,Focused-Buyer,1,Weekend-Shopper
13220,0,0,High-Support,0,Focused-Buyer,0,Weekday-Shopper
15985,1,1,Low-Support,0,Focused-Buyer,1,Weekend-Shopper
16193,1,1,Low-Support,0,Focused-Buyer,1,Weekend-Shopper
15172,0,1,Low-Support,1,Broad-Explorer,0,Weekday-Shopper
13692,0,1,Low-Support,0,Focused-Buyer,1,Weekend-Shopper
15745,0,1,Low-Support,0,Focused-Buyer,1,Weekend-Shopper
17582,1,0,High-Support,0,Focused-Buyer,1,Weekend-Shopper
13474,1,1,Low-Support,1,Broad-Explorer,1,Weekend-Shopper
17697,1,1,Low-Support,0,Focused-Buyer,1,Weekend-Shopper
16639,0,0,High-Support,0,Focused-Buyer,0,Weekday-Shopper
16947,1,1,Low-Support,0,Focused-Buyer,0,Weekday-Shopper
15491,1,0,High-Support,0,Focused-Buyer,0,Weekday-Shopper
16617,1,1,Low-Support,0,Focused-Buyer,0,Weekday-Shopper
15265,1,1,Low-Support,1,Broad-Explorer,0,Weekday-Shopper
16226,1,1,Low-Support,0,Focused-Buyer,0,Weekday-Shopper
18009,1,0,High-Support,0,Focused-Buyer,0,Weekday-Shopper
16399,0,1,Low-Support,0,Focused-Buyer,1,Weekend-Shopper
14623,0,1,Low-Support,1,Broad-Explorer,0,Weekday-Shopper
15625,1,1,Low-Support,0,Focused-Buyer,0,Weekday-Shopper
18064,1,1,Low-Support,0,Focused-Buyer,0,Weekday-Shopper
15508,1,1,Low-Support,0,Focused-Buyer,0,Weekday-Shopper
16628,0,1,Low-Support,0,Focused-Buyer,0,Weekday-Shopper
13647,0,1,Low-Support,0,Focused-Buyer,0,Weekday-Shopper
15594,0,0,High-Support,0,Focused-Buyer,0,Weekday-Shopper
13479,1,0,High-Support,0,Focused-Buyer,0,Weekday-Shopper
13735,0,2,Serial-Canceller,1,Broad-Explorer,0,Weekday-Shopper
13376,1,1,Low-Support,0,Focused-Buyer,0,Weekday-Shopper
15717,1,0,High-Support,0,Focused-Buyer,0,Weekday-Shopper
13719,0,0,High-Support,0,Focused-Buyer,0,Weekday-Shopper
16633,0,1,Low-Support,1,Broad-Explorer,0,Weekday-Shopper
13101,1,1,Low-Support,0,Focused-Buyer,0,Weekday-Shopper
15225,1,1,Low-Support,0,Focused-Buyer,0,Weekday-Shopper
14152,0,0,High-Support,0,Focused-Buyer,0,Weekday-Shopper
12733,1,1,Low-Support,0,Focused-Buyer,0,Weekday-Shopper
15436,0,1,Low-Support,1,Broad-Explorer,1,Weekend-Shopper
17217,1,0,High-Support,0,Focused-Buyer,0,Weekday-Shopper
17734,0,0,High-Support,0,Focused-Buyer,0,Weekday-Shopper
14905,1,0,High-Support,0,Focused-Buyer,0,Weekday-Shopper
14148,1,0,High-Support,0,Focused-Buyer,0,Weekday-Shopper
16103,0,1,Low-Support,0,Focused-Buyer,0,Weekday-Shopper
14626,0,0,High-Support,0,Focused-Buyer,0,Weekday-Shopper
14868,0,0,High-Support,0,Focused-Buyer,0,Weekday-Shopper
18246,0,0,High-Support,0,Focused-Buyer,0,Weekday-Shopper
13485,1,1,Low-Support,0,Focused-Buyer,0,Weekday-Shopper
15517,1,1,Low-Support,0,Focused-Buyer,0,Weekday-Shopper
17115,0,0,High-Support,0,Focused-Buyer,0,Weekday-Shopper
17120,1,1,Low-Support,0,Focused-Buyer,0,Weekday-Shopper
16611,1,0,High-Support,0,Focused-Buyer,0,Weekday-Shopper
15912,1,1,Low-Support,0,Focused-Buyer,0,Weekday-Shopper
12506,1,1,Low-Support,0,Focused-Buyer,0,Weekday-Shopper
12670,0,1,Low-Support,0,Focused-Buyer,0,Weekday-Shopper
17588,1,1,Low-Support,0,Focused-Buyer,0,Weekday-Shopper
14759,0,1,Low-Support,1,Broad-Explorer,0,Weekday-Shopper
16185,0,1,Low-Support,0,Focused-Buyer,0,Weekday-Shopper
13505,0,2,Serial-Canceller,1,Broad-Explorer,0,Weekday-Shopper
13389,0,1,Low-Support,0,Focused-Buyer,0,Weekday-Shopper
12354,1,1,Low-Support,1,Broad-Explorer,0,Weekday-Shopper
17631,0,0,High-Support,0,Focused-Buyer,0,Weekday-Shopper
17061,0,1,Low-Support,0,Focused-Buyer,0,Weekday-Shopper
17718,1,0,High-Support,0,Focused-Buyer,0,Weekday-Shopper
17630,1,1,Low-Support,0,Focused-Buyer,0,Weekday-Shopper
13223,1,0,High-Support,0,Focused-Buyer,0,Weekday-Shopper
16146,1,1,Low-Support,0,Focused-Buyer,0,Weekday-Shopper
17109,0,0,High-Support,0,Focused-Buyer,0,Weekday-Shopper
16587,1,1,Low-Support,0,Focused-Buyer,0,Weekday-Shopper
12622,1,1,Low-Support,0,Focused-Buyer,0,Weekday-Shopper
16750,0,0,High-Support,0,Focused-Buyer,0,Weekday-Shopper
13482,1,0,High-Support,0,Focused-Buyer,0,Weekday-Shopper
14512,1,1,Low-Support,0,Focused-Buyer,0,Weekday-Shopper
17670,1,1,Low-Support,0,Focused-Buyer,0,Weekday-Shopper
16834,1,1,Low-Support,0,Focused-Buyer,0,Weekday-Shopper
15108,1,1,Low-Support,0,Focused-Buyer,0,Weekday-Shopper
16942,0,0,High-Support,1,Broad-Explorer,1,Weekend-Shopper
14640,0,1,Low-Support,0,Focused-Buyer,0,Weekday-Shopper
16823,1,1,Low-Support,0,Focused-Buyer,0,Weekday-Shopper
15237,0,1,Low-Support,0,Focused-Buyer,0,Weekday-Shopper
12573,1,1,Low-Support,0,Focused-Buyer,0,Weekday-Shopper
17854,1,1,Low-Support,0,Focused-Buyer,0,Weekday-Shopper
18220,1,3,High-Returner,0,Focused-Buyer,0,Weekday-Shopper
17436,0,1,Low-Support,0,Focused-Buyer,0,Weekday-Shopper
16965,1,1,Low-Support,0,Focused-Buyer,0,Weekday-Shopper
12840,1,1,Low-Support,0,Focused-Buyer,0,Weekday-Shopper
15891,1,0,High-Support,1,Broad-Explorer,0,Weekday-Shopper
17187,1,1,Low-Support,0,Focused-Buyer,0,Weekday-Shopper
13637,0,1,Low-Support,0,Focused-Buyer,0,Weekday-Shopper
17991,1,0,High-Support,0,Focused-Buyer,0,Weekday-Shopper
16418,0,1,Low-Support,0,Focused-Buyer,0,Weekday-Shopper
16099,0,0,High-Support,0,Focused-Buyer,0,Weekday-Shopper
15768,1,1,Low-Support,0,Focused-Buyer,0,Weekday-Shopper
16637,0,1,Low-Support,0,Focused-Buyer,0,Weekday-Shopper
14240,0,1,Low-Support,0,Focused-Buyer,0,Weekday-Shopper
15143,1,0,High-Support,0,Focused-Buyer,0,Weekday-Shopper
13229,1,1,Low-Support,0,Focused-Buyer,0,Weekday-Shopper
14973,1,1,Low-Support,0,Focused-Buyer,0,Weekday-Shopper
14271,1,0,High-Support,0,Focused-Buyer,0,Weekday-Shopper
15952,0,1,Low-Support,0,Focused-Buyer,1,Weekend-Shopper
16227,1,0,High-Support,0,Focused-Buyer,0,Weekday-Shopper
17893,1,1,Low-Support,0,Focused-Buyer,0,Weekday-Shopper
14022,1,1,Low-Support,0,Focused-Buyer,0,Weekday-Shopper
15210,1,0,High-Support,0,Focused-Buyer,0,Weekday-Shopper
16370,0,1,Low-Support,1,Broad-Explorer,1,Weekend-Shopper
15376,0,1,Low-Support,1,Broad-Explorer,1,Weekend-Shopper
14655,0,1,Low-Support,0,Focused-Buyer,0,Weekday-Shopper
17615,1,1,Low-Support,0,Focused-Buyer,0,Weekday-Shopper
16055,1,1,Low-Support,0,Focused-Buyer,0,Weekday-Shopper
14149,1,3,High-Returner,0,Focused-Buyer,0,Weekday-Shopper
17501,1,0,High-Support,0,Focused-Buyer,0,Weekday-Shopper
14191,0,0,High-Support,1,Broad-Explorer,0,Weekday-Shopper
13282,0,1,Low-Support,0,Focused-Buyer,0,Weekday-Shopper
15582,0,1,Low-Support,0,Focused-Buyer,0,Weekday-Shopper
16230,1,0,High-Support,0,Focused-Buyer,0,Weekday-Shopper
18146,1,1,Low-Support,0,Focused-Buyer,0,Weekday-Shopper
15976,1,1,Low-Support,1,Broad-Explorer,0,Weekday-Shopper
17443,1,1,Low-Support,0,Focused-Buyer,0,Weekday-Shopper
12886,0,1,Low-Support,0,Focused-Buyer,0,Weekday-Shopper
17974,0,1,Low-Support,1,Broad-Explorer,0,Weekday-Shopper
13524,0,0,High-Support,0,Focused-Buyer,1,Weekend-Shopper
17955,1,1,Low-Support,0,Focused-Buyer,0,Weekday-Shopper
15128,0,1,Low-Support,0,Focused-Buyer,0,Weekday-Shopper
16610,1,0,High-Support,0,Focused-Buyer,0,Weekday-Shopper
17394,1,1,Low-Support,0,Focused-Buyer,0,Weekday-Shopper
14173,0,0,High-Support,0,Focused-Buyer,0,Weekday-Shopper
16258,0,1,Low-Support,1,Broad-Explorer,0,Weekday-Shopper
14948,0,1,Low-Support,0,Focused-Buyer,0,Weekday-Shopper
17384,0,1,Low-Support,0,Focused-Buyer,1,Weekend-Shopper
16990,1,0,High-Support,0,Focused-Buyer,0,Weekday-Shopper
13762,1,3,High-Returner,0,Focused-Buyer,0,Weekday-Shopper
12593,1,1,Low-Support,0,Focused-Buyer,0,Weekday-Shopper
14340,1,1,Low-Support,0,Focused-Buyer,0,Weekday-Shopper
17429,1,1,Low-Support,0,Focused-Buyer,0,Weekday-Shopper
13711,1,1,Low-Support,0,Focused-Buyer,0,Weekday-Shopper
14515,0,1,Low-Support,0,Focused-Buyer,0,Weekday-Shopper
16457,1,0,High-Support,0,Focused-Buyer,0,Weekday-Shopper
17527,0,1,Low-Support,0,Focused-Buyer,0,Weekday-Shopper
14199,1,1,Low-Support,0,Focused-Buyer,0,Weekday-Shopper
13888,1,0,High-Support,0,Focused-Buyer,0,Weekday-Shopper
14423,1,1,Low-Support,0,Focused-Buyer,0,Weekday-Shopper
14697,1,1,Low-Support,0,Focused-Buyer,0,Weekday-Shopper
17522,0,0,High-Support,0,Focused-Buyer,0,Weekday-Shopper
13867,0,1,Low-Support,0,Focused-Buyer,0,Weekday-Shopper
17624,0,1,Low-Support,0,Focused-Buyer,0,Weekday-Shopper
14393,1,1,Low-Support,0,Focused-Buyer,0,Weekday-Shopper
17578,1,1,Low-Support,0,Focused-Buyer,0,Weekday-Shopper
13450,0,1,Low-Support,0,Focused-Buyer,1,Weekend-Shopper
17423,0,1,Low-Support,0,Focused-Buyer,0,Weekday-Shopper
18241,0,1,Low-Support,0,Focused-Buyer,0,Weekday-Shopper
15668,1,1,Low-Support,0,Focused-Buyer,0,Weekday-Shopper
16319,1,0,High-Support,0,Focused-Buyer,0,Weekday-Shopper
15757,0,0,High-Support,0,Focused-Buyer,0,Weekday-Shopper
17174,1,1,Low-Support,0,Focused-Buyer,0,Weekday-Shopper
13365,0,1,Low-Support,1,Broad-Explorer,1,Weekend-Shopper
18227,1,0,High-Support,0,Focused-Buyer,0,Weekday-Shopper
14145,0,1,Low-Support,0,Focused-Buyer,0,Weekday-Shopper
18235,0,1,Low-Support,1,Broad-Explorer,0,Weekday-Shopper
13741,0,1,Low-Support,0,Focused-Buyer,0,Weekday-Shopper
12394,0,0,High-Support,0,Focused-Buyer,0,Weekday-Shopper
16832,1,0,High-Support,0,Focused-Buyer,0,Weekday-Shopper
15258,1,1,Low-Support,0,Focused-Buyer,0,Weekday-Shopper
15552,1,1,Low-Support,0,Focused-Buyer,0,Weekday-Shopper
18170,0,1,Low-Support,0,Focused-Buyer,0,Weekday-Shopper
13723,1,1,Low-Support,0,Focused-Buyer,0,Weekday-Shopper
14005,0,0,High-Support,0,Focused-Buyer,0,Weekday-Shopper
15561,0,1,Low-Support,0,Focused-Buyer,0,Weekday-Shopper
16121,0,0,High-Support,1,Broad-Explorer,0,Weekday-Shopper
18142,1,0,High-Support,0,Focused-Buyer,1,Weekend-Shopper
13642,1,1,Low-Support,1,Broad-Explorer,1,Weekend-Shopper
15117,0,0,High-Support,0,Focused-Buyer,0,Weekday-Shopper
13561,1,1,Low-Support,0,Focused-Buyer,1,Weekend-Shopper
15704,1,1,Low-Support,0,Focused-Buyer,1,Weekend-Shopper
16007,0,1,Low-Support,1,Broad-Explorer,1,Weekend-Shopper
16232,0,1,Low-Support,0,Focused-Buyer,1,Weekend-Shopper
17410,0,0,High-Support,0,Focused-Buyer,0,Weekday-Shopper
13835,0,1,Low-Support,0,Focused-Buyer,1,Weekend-Shopper
13427,0,1,Low-Support,0,Focused-Buyer,1,Weekend-Shopper
14353,1,1,Low-Support,0,Focused-Buyer,1,Weekend-Shopper
12700,0,0,High-Support,1,Broad-Explorer,0,Weekday-Shopper
13003,1,1,Low-Support,0,Focused-Buyer,0,Weekday-Shopper
16756,1,1,Low-Support,0,Focused-Buyer,0,Weekday-Shopper
13492,1,1,Low-Support,0,Focused-Buyer,0,Weekday-Shopper
16440,0,0,High-Support,1,Broad-Explorer,0,Weekday-Shopper
18120,1,0,High-Support,0,Focused-Buyer,0,Weekday-Shopper
12355,1,1,Low-Support,0,Focused-Buyer,0,Weekday-Shopper
17723,1,1,Low-Support,0,Focused-Buyer,0,Weekday-Shopper
14699,1,1,Low-Support,0,Focused-Buyer,0,Weekday-Shopper
12821,1,1,Low-Support,0,Focused-Buyer,0,Weekday-Shopper
13055,0,1,Low-Support,0,Focused-Buyer,0,Weekday-Shopper
13320,0,0,High-Support,0,Focused-Buyer,0,Weekday-Shopper
16357,0,0,High-Support,0,Focused-Buyer,1,Weekend-Shopper
18242,0,1,Low-Support,0,Focused-Buyer,0,Weekday-Shopper
15865,0,1,Low-Support,0,Focused-Buyer,0,Weekday-Shopper
17597,1,1,Low-Support,1,Broad-Explorer,0,Weekday-Shopper
14397,0,1,Low-Support,0,Focused-Buyer,0,Weekday-Shopper
13242,1,0,High-Support,0,Focused-Buyer,0,Weekday-Shopper
12684,0,1,Low-Support,0,Focused-Buyer,0,Weekday-Shopper
14288,1,1,Low-Support,0,Focused-Buyer,0,Weekday-Shopper
15063,1,0,High-Support,0,Focused-Buyer,0,Weekday-Shopper
12592,1,1,Low-Support,0,Focused-Buyer,0,Weekday-Shopper
14591,0,0,High-Support,1,Broad-Explorer,0,Weekday-Shopper
13990,1,0,High-Support,0,Focused-Buyer,0,Weekday-Shopper
12749,0,2,Serial-Canceller,1,Broad-Explorer,0,Weekday-Shopper
16320,1,0,High-Support,0,Focused-Buyer,0,Weekday-Shopper
14691,0,0,High-Support,0,Focused-Buyer,1,Weekend-Shopper
16229,0,1,Low-Support,0,Focused-Buyer,0,Weekday-Shopper
14920,1,0,High-Support,0,Focused-Buyer,0,Weekday-Shopper
17489,0,0,High-Support,0,Focused-Buyer,0,Weekday-Shopper
13404,0,1,Low-Support,0,Focused-Buyer,0,Weekday-Shopper
15729,1,1,Low-Support,0,Focused-Buyer,0,Weekday-Shopper
16644,1,1,Low-Support,0,Focused-Buyer,0,Weekday-Shopper
14731,0,1,Low-Support,0,Focused-Buyer,0,Weekday-Shopper
14277,0,0,High-Support,1,Broad-Explorer,0,Weekday-Shopper
15187,0,1,Low-Support,0,Focused-Buyer,0,Weekday-Shopper
13052,1,1,Low-Support,0,Focused-Buyer,0,Weekday-Shopper
18133,1,3,High-Returner,0,Focused-Buyer,0,Weekday-Shopper
17664,0,1,Low-Support,0,Focused-Buyer,0,Weekday-Shopper
14649,0,1,Low-Support,1,Broad-Explorer,0,Weekday-Shopper
13235,1,1,Low-Support,0,Focused-Buyer,0,Weekday-Shopper
14883,0,0,High-Support,0,Focused-Buyer,0,Weekday-Shopper
12976,1,1,Low-Support,0,Focused-Buyer,0,Weekday-Shopper
14681,0,1,Low-Support,0,Focused-Buyer,0,Weekday-Shopper
14421,0,1,Low-Support,0,Focused-Buyer,0,Weekday-Shopper
16116,1,1,Low-Support,0,Focused-Buyer,0,Weekday-Shopper
14988,1,1,Low-Support,0,Focused-Buyer,0,Weekday-Shopper
15489,0,1,Low-Support,0,Focused-Buyer,0,Weekday-Shopper
14364,1,1,Low-Support,0,Focused-Buyer,0,Weekday-Shopper
16006,1,1,Low-Support,0,Focused-Buyer,0,Weekday-Shopper
16184,0,1,Low-Support,0,Focused-Buyer,0,Weekday-Shopper
17932,0,0,High-Support,0,Focused-Buyer,0,Weekday-Shopper
18221,0,0,High-Support,0,Focused-Buyer,0,Weekday-Shopper
12590,1,1,Low-Support,0,Focused-Buyer,0,Weekday-Shopper
14853,0,1,Low-Support,0,Focused-Buyer,0,Weekday-Shopper
17658,0,0,High-Support,0,Focused-Buyer,0,Weekday-Shopper
17764,0,1,Low-Support,0,Focused-Buyer,0,Weekday-Shopper
14651,0,0,High-Support,1,Broad-Explorer,0,Weekday-Shopper
14000,1,0,High-Support,0,Focused-Buyer,0,Weekday-Shopper
13601,0,0,High-Support,1,Broad-Explorer,0,Weekday-Shopper
12757,0,1,Low-Support,1,Broad-Explorer,0,Weekday-Shopper
17970,1,1,Low-Support,0,Focused-Buyer,0,Weekday-Shopper
12770,1,1,Low-Support,0,Focused-Buyer,0,Weekday-Shopper
15826,0,1,Low-Support,0,Focused-Buyer,0,Weekday-Shopper
15907,0,1,Low-Support,1,Broad-Explorer,0,Weekday-Shopper
12695,0,1,Low-Support,0,Focused-Buyer,0,Weekday-Shopper
14342,0,1,Low-Support,0,Focused-Buyer,0,Weekday-Shopper
14873,1,1,Low-Support,0,Focused-Buyer,0,Weekday-Shopper
14689,1,1,Low-Support,0,Focused-Buyer,1,Weekend-Shopper
15440,0,1,Low-Support,0,Focused-Buyer,1,Weekend-Shopper
16076,0,0,High-Support,0,Focused-Buyer,0,Weekday-Shopper
15333,1,1,Low-Support,0,Focused-Buyer,1,Weekend-Shopper
16283,0,0,High-Support,1,Broad-Explorer,1,Weekend-Shopper
17263,1,1,Low-Support,0,Focused-Buyer,1,Weekend-Shopper
16877,0,0,High-Support,1,Broad-Explorer,1,Weekend-Shopper
12674,0,1,Low-Support,0,Focused-Buyer,0,Weekday-Shopper
16642,0,1,Low-Support,0,Focused-Buyer,0,Weekday-Shopper
12871,0,1,Low-Support,0,Focused-Buyer,0,Weekday-Shopper
14038,0,1,Low-Support,0,Focused-Buyer,0,Weekday-Shopper
14489,1,1,Low-Support,0,Focused-Buyer,0,Weekday-Shopper
14888,1,1,Low-Support,0,Focused-Buyer,0,Weekday-Shopper
17190,0,1,Low-Support,0,Focused-Buyer,0,Weekday-Shopper
13456,0,1,Low-Support,0,Focused-Buyer,0,Weekday-Shopper
17898,0,1,Low-Support,0,Focused-Buyer,0,Weekday-Shopper
13976,1,0,High-Support,0,Focused-Buyer,0,Weekday-Shopper
16139,0,1,Low-Support,0,Focused-Buyer,0,Weekday-Shopper
15730,0,1,Low-Support,0,Focused-Buyer,0,Weekday-Shopper
16266,0,0,High-Support,0,Focused-Buyer,0,Weekday-Shopper
15123,0,1,Low-Support,1,Broad-Explorer,0,Weekday-Shopper
17505,1,1,Low-Support,0,Focused-Buyer,0,Weekday-Shopper
12690,1,1,Low-Support,0,Focused-Buyer,0,Weekday-Shopper
16446,0,3,High-Returner,0,Focused-Buyer,0,Weekday-Shopper
17556,1,1,Low-Support,0,Focused-Buyer,0,Weekday-Shopper
14583,0,0,High-Support,1,Broad-Explorer,0,Weekday-Shopper
16818,0,1,Low-Support,1,Broad-Explorer,0,Weekday-Shopper
13572,1,1,Low-Support,0,Focused-Buyer,0,Weekday-Shopper
14009,1,1,Low-Support,0,Focused-Buyer,0,Weekday-Shopper
13258,0,1,Low-Support,0,Focused-Buyer,0,Weekday-Shopper
14463,1,1,Low-Support,0,Focused-Buyer,0,Weekday-Shopper
13192,1,1,Low-Support,0,Focused-Buyer,0,Weekday-Shopper
16987,0,1,Low-Support,0,Focused-Buyer,1,Weekend-Shopper
13417,0,1,Low-Support,0,Focused-Buyer,0,Weekday-Shopper
17047,0,0,High-Support,0,Focused-Buyer,0,Weekday-Shopper
15116,0,1,Low-Support,0,Focused-Buyer,0,Weekday-Shopper
17469,0,1,Low-Support,0,Focused-Buyer,0,Weekday-Shopper
16647,1,0,High-Support,0,Focused-Buyer,0,Weekday-Shopper
15630,0,0,High-Support,0,Focused-Buyer,0,Weekday-Shopper
17245,1,0,High-Support,0,Focused-Buyer,0,Weekday-Shopper
16008,0,1,Low-Support,0,Focused-Buyer,0,Weekday-Shopper
17871,1,1,Low-Support,0,Focused-Buyer,0,Weekday-Shopper
13529,0,1,Low-Support,0,Focused-Buyer,0,Weekday-Shopper
12620,0,0,High-Support,1,Broad-Explorer,0,Weekday-Shopper
15599,0,1,Low-Support,0,Focused-Buyer,0,Weekday-Shopper
16813,0,1,Low-Support,1,Broad-Explorer,0,Weekday-Shopper
14859,0,1,Low-Support,0,Focused-Buyer,0,Weekday-Shopper
16463,0,1,Low-Support,0,Focused-Buyer,0,Weekday-Shopper
15791,0,1,Low-Support,0,Focused-Buyer,0,Weekday-Shopper
13658,0,0,High-Support,0,Focused-Buyer,0,Weekday-Shopper
13887,1,1,Low-Support,0,Focused-Buyer,0,Weekday-Shopper
12353,1,1,Low-Support,0,Focused-Buyer,0,Weekday-Shopper
14551,0,1,Low-Support,0,Focused-Buyer,0,Weekday-Shopper
17166,0,1,Low-Support,0,Focused-Buyer,0,Weekday-Shopper
17926,1,1,Low-Support,0,Focused-Buyer,0,Weekday-Shopper
13391,1,0,High-Support,0,Focused-Buyer,0,Weekday-Shopper
17455,1,1,Low-Support,0,Focused-Buyer,0,Weekday-Shopper
13308,0,1,Low-Support,0,Focused-Buyer,0,Weekday-Shopper
13856,1,1,Low-Support,0,Focused-Buyer,0,Weekday-Shopper
13243,1,0,High-Support,1,Broad-Explorer,0,Weekday-Shopper
15095,1,1,Low-Support,0,Focused-Buyer,0,Weekday-Shopper
18048,1,1,Low-Support,0,Focused-Buyer,0,Weekday-Shopper
18287,0,1,Low-Support,0,Focused-Buyer,0,Weekday-Shopper
18150,0,1,Low-Support,0,Focused-Buyer,1,Weekend-Shopper
16690,0,0,High-Support,0,Focused-Buyer,0,Weekday-Shopper
13555,0,1,Low-Support,1,Broad-Explorer,0,Weekday-Shopper
16038,0,1,Low-Support,0,Focused-Buyer,1,Weekend-Shopper
13972,0,1,Low-Support,0,Focused-Buyer,1,Weekend-Shopper
13227,1,1,Low-Support,0,Focused-Buyer,1,Weekend-Shopper
13657,0,0,High-Support,0,Focused-Buyer,1,Weekend-Shopper
17176,1,1,Low-Support,0,Focused-Buyer,1,Weekend-Shopper
14837,0,1,Low-Support,0,Focused-Buyer,1,Weekend-Shopper
14682,1,0,High-Support,0,Focused-Buyer,1,Weekend-Shopper
14921,0,1,Low-Support,1,Broad-Explorer,1,Weekend-Shopper
16341,0,1,Low-Support,0,Focused-Buyer,0,Weekday-Shopper
14647,1,1,Low-Support,0,Focused-Buyer,1,Weekend-Shopper
12710,1,1,Low-Support,0,Focused-Buyer,1,Weekend-Shopper
15292,1,1,Low-Support,0,Focused-Buyer,1,Weekend-Shopper
15705,1,1,Low-Support,0,Focused-Buyer,1,Weekend-Shopper
13339,1,1,Low-Support,1,Broad-Explorer,0,Weekday-Shopper
13885,1,1,Low-Support,0,Focused-Buyer,0,Weekday-Shopper
12360,0,1,Low-Support,1,Broad-Explorer,0,Weekday-Shopper
13546,0,1,Low-Support,0,Focused-Buyer,0,Weekday-Shopper
17715,1,1,Low-Support,0,Focused-Buyer,0,Weekday-Shopper
18160,0,1,Low-Support,0,Focused-Buyer,0,Weekday-Shopper
15434,0,1,Low-Support,0,Focused-Buyer,0,Weekday-Shopper
15734,1,1,Low-Support,0,Focused-Buyer,0,Weekday-Shopper
13737,1,1,Low-Support,0,Focused-Buyer,0,Weekday-Shopper
13213,0,0,High-Support,0,Focused-Buyer,0,Weekday-Shopper
18018,1,1,Low-Support,0,Focused-Buyer,0,Weekday-Shopper
15314,1,1,Low-Support,0,Focused-Buyer,0,Weekday-Shopper
17521,0,1,Low-Support,0,Focused-Buyer,0,Weekday-Shopper
15042,1,1,Low-Support,0,Focused-Buyer,0,Weekday-Shopper
12863,0,0,High-Support,0,Focused-Buyer,0,Weekday-Shopper
16091,1,1,Low-Support,0,Focused-Buyer,0,Weekday-Shopper
15804,0,2,Serial-Canceller,1,Broad-Explorer,0,Weekday-Shopper
14593,0,0,High-Support,1,Broad-Explorer,0,Weekday-Shopper
14287,0,1,Low-Support,0,Focused-Buyer,0,Weekday-Shopper
16763,1,1,Low-Support,0,Focused-Buyer,0,Weekday-Shopper
14705,1,1,Low-Support,0,Focused-Buyer,0,Weekday-Shopper
12562,0,1,Low-Support,0,Focused-Buyer,0,Weekday-Shopper
12815,1,1,Low-Support,0,Focused-Buyer,0,Weekday-Shopper
14522,0,1,Low-Support,0,Focused-Buyer,0,Weekday-Shopper
16448,1,1,Low-Support,0,Focused-Buyer,0,Weekday-Shopper
14584,1,1,Low-Support,0,Focused-Buyer,0,Weekday-Shopper
12974,1,1,Low-Support,0,Focused-Buyer,0,Weekday-Shopper
12987,0,1,Low-Support,0,Focused-Buyer,0,Weekday-Shopper
14816,1,1,Low-Support,0,Focused-Buyer,0,Weekday-Shopper
15852,1,1,Low-Support,0,Focused-Buyer,0,Weekday-Shopper
16624,0,0,High-Support,0,Focused-Buyer,0,Weekday-Shopper
12493,1,1,Low-Support,0,Focused-Buyer,0,Weekday-Shopper
18232,0,1,Low-Support,0,Focused-Buyer,0,Weekday-Shopper
18073,1,1,Low-Support,0,Focused-Buyer,0,Weekday-Shopper
16369,0,1,Low-Support,1,Broad-Explorer,0,Weekday-Shopper
14280,1,1,Low-Support,0,Focused-Buyer,0,Weekday-Shopper
13135,1,1,Low-Support,0,Focused-Buyer,0,Weekday-Shopper
17345,0,1,Low-Support,0,Focused-Buyer,0,Weekday-Shopper
16275,1,1,Low-Support,0,Focused-Buyer,0,Weekday-Shopper
14338,1,1,Low-Support,0,Focused-Buyer,0,Weekday-Shopper
15402,1,0,High-Support,0,Focused-Buyer,0,Weekday-Shopper
12876,0,1,Low-Support,0,Focused-Buyer,0,Weekday-Shopper
16323,1,1,Low-Support,0,Focused-Buyer,0,Weekday-Shopper
12426,1,1,Low-Support,0,Focused-Buyer,1,Weekend-Shopper
14451,0,1,Low-Support,1,Broad-Explorer,0,Weekday-Shopper
14823,1,0,High-Support,0,Focused-Buyer,1,Weekend-Shopper
15897,1,0,High-Support,0,Focused-Buyer,1,Weekend-Shopper
17051,1,1,Low-Support,0,Focused-Buyer,1,Weekend-Shopper
15925,1,0,High-Support,0,Focused-Buyer,1,Weekend-Shopper
12787,0,0,High-Support,0,Focused-Buyer,0,Weekday-Shopper
15863,0,1,Low-Support,0,Focused-Buyer,0,Weekday-Shopper
16483,1,1,Low-Support,0,Focused-Buyer,0,Weekday-Shopper
13398,1,0,High-Support,0,Focused-Buyer,0,Weekday-Shopper
13070,1,1,Low-Support,0,Focused-Buyer,0,Weekday-Shopper
14819,0,0,High-Support,0,Focused-Buyer,0,Weekday-Shopper
12790,1,0,High-Support,0,Focused-Buyer,0,Weekday-Shopper
15163,0,1,Low-Support,0,Focused-Buyer,0,Weekday-Shopper
18204,0,1,Low-Support,1,Broad-Explorer,0,Weekday-Shopper
15124,0,1,Low-Support,0,Focused-Buyer,0,Weekday-Shopper
12473,0,2,Serial-Canceller,1,Broad-Explorer,0,Weekday-Shopper
16969,0,1,Low-Support,0,Focused-Buyer,0,Weekday-Shopper
14597,0,1,Low-Support,0,Focused-Buyer,0,Weekday-Shopper
13917,0,1,Low-Support,0,Focused-Buyer,0,Weekday-Shopper
13062,1,0,High-Support,0,Focused-Buyer,0,Weekday-Shopper
16484,1,1,Low-Support,0,Focused-Buyer,0,Weekday-Shopper
15184,0,1,Low-Support,0,Focused-Buyer,0,Weekday-Shopper
18135,0,0,High-Support,0,Focused-Buyer,0,Weekday-Shopper
14453,1,1,Low-Support,0,Focused-Buyer,0,Weekday-Shopper
17900,1,3,High-Returner,0,Focused-Buyer,0,Weekday-Shopper
13437,0,1,Low-Support,1,Broad-Explorer,0,Weekday-Shopper
12517,0,1,Low-Support,1,Broad-Explorer,0,Weekday-Shopper
16529,1,1,Low-Support,0,Focused-Buyer,0,Weekday-Shopper
17531,1,1,Low-Support,0,Focused-Buyer,0,Weekday-Shopper
16239,0,1,Low-Support,0,Focused-Buyer,0,Weekday-Shopper
14500,0,0,High-Support,0,Focused-Buyer,0,Weekday-Shopper
16117,1,1,Low-Support,0,Focused-Buyer,0,Weekday-Shopper
13248,1,1,Low-Support,0,Focused-Buyer,0,Weekday-Shopper
16967,1,1,Low-Support,0,Focused-Buyer,0,Weekday-Shopper
15405,1,0,High-Support,0,Focused-Buyer,0,Weekday-Shopper
16659,1,0,High-Support,0,Focused-Buyer,0,Weekday-Shopper
16880,0,0,High-Support,1,Broad-Explorer,1,Weekend-Shopper
13435,0,1,Low-Support,0,Focused-Buyer,1,Weekend-Shopper
13131,0,1,Low-Support,0,Focused-Buyer,0,Weekday-Shopper
14891,1,1,Low-Support,0,Focused-Buyer,1,Weekend-Shopper
16682,0,0,High-Support,0,Focused-Buyer,1,Weekend-Shopper
15453,0,1,Low-Support,1,Broad-Explorer,0,Weekday-Shopper
16963,1,1,Low-Support,0,Focused-Buyer,1,Weekend-Shopper
13682,1,1,Low-Support,0,Focused-Buyer,1,Weekend-Shopper
15152,0,1,Low-Support,1,Broad-Explorer,1,Weekend-Shopper
15462,1,1,Low-Support,0,Focused-Buyer,0,Weekday-Shopper
12449,0,1,Low-Support,1,Broad-Explorer,0,Weekday-Shopper
15349,1,1,Low-Support,0,Focused-Buyer,1,Weekend-Shopper
16849,1,1,Low-Support,0,Focused-Buyer,0,Weekday-Shopper
12802,1,1,Low-Support,0,Focused-Buyer,0,Weekday-Shopper
15073,0,2,Serial-Canceller,0,Focused-Buyer,0,Weekday-Shopper
16298,0,1,Low-Support,0,Focused-Buyer,0,Weekday-Shopper
12535,1,0,High-Support,0,Focused-Buyer,0,Weekday-Shopper
18248,1,1,Low-Support,0,Focused-Buyer,0,Weekday-Shopper
15386,1,1,Low-Support,0,Focused-Buyer,0,Weekday-Shopper
17252,1,1,Low-Support,1,Broad-Explorer,0,Weekday-Shopper
14542,1,0,High-Support,0,Focused-Buyer,0,Weekday-Shopper
16825,0,1,Low-Support,0,Focused-Buyer,0,Weekday-Shopper
12380,0,1,Low-Support,0,Focused-Buyer,0,Weekday-Shopper
18072,1,3,High-Returner,0,Focused-Buyer,0,Weekday-Shopper
13643,0,0,High-Support,0,Focused-Buyer,0,Weekday-Shopper
15969,0,0,High-Support,0,Focused-Buyer,0,Weekday-Shopper
13283,0,1,Low-Support,0,Focused-Buyer,0,Weekday-Shopper
17015,0,1,Low-Support,1,Broad-Explorer,0,Weekday-Shopper
14375,1,0,High-Support,1,Broad-Explorer,0,Weekday-Shopper
17124,1,0,High-Support,0,Focused-Buyer,0,Weekday-Shopper
17987,1,0,High-Support,0,Focused-Buyer,0,Weekday-Shopper
13395,1,0,High-Support,0,Focused-Buyer,0,Weekday-Shopper
17828,0,2,Serial-Canceller,0,Focused-Buyer,0,Weekday-Shopper
15743,0,0,High-Support,0,Focused-Buyer,0,Weekday-Shopper
17414,0,1,Low-Support,0,Focused-Buyer,0,Weekday-Shopper
14622,1,1,Low-Support,0,Focused-Buyer,0,Weekday-Shopper
15609,1,0,High-Support,0,Focused-Buyer,0,Weekday-Shopper
14561,0,1,Low-Support,0,Focused-Buyer,1,Weekend-Shopper
16872,0,1,Low-Support,0,Focused-Buyer,0,Weekday-Shopper
16358,0,1,Low-Support,0,Focused-Buyer,0,Weekday-Shopper
15238,0,1,Low-Support,0,Focused-Buyer,0,Weekday-Shopper
13466,1,1,Low-Support,0,Focused-Buyer,0,Weekday-Shopper
17360,0,1,Low-Support,1,Broad-Explorer,0,Weekday-Shopper
13510,0,1,Low-Support,0,Focused-Buyer,0,Weekday-Shopper
12406,0,1,Low-Support,1,Broad-Explorer,0,Weekday-Shopper
14241,1,0,High-Support,0,Focused-Buyer,0,Weekday-Shopper
14132,0,1,Low-Support,0,Focused-Buyer,0,Weekday-Shopper
14963,0,1,Low-Support,1,Broad-Explorer,0,Weekday-Shopper
17169,0,1,Low-Support,0,Focused-Buyer,0,Weekday-Shopper
15252,0,0,High-Support,0,Focused-Buyer,0,Weekday-Shopper
17731,0,2,Serial-Canceller,0,Focused-Buyer,0,Weekday-Shopper
16113,1,1,Low-Support,0,Focused-Buyer,0,Weekday-Shopper
12694,0,0,High-Support,0,Focused-Buyer,0,Weekday-Shopper
16107,0,1,Low-Support,0,Focused-Buyer,0,Weekday-Shopper
17483,0,1,Low-Support,0,Focused-Buyer,0,Weekday-Shopper
15679,0,1,Low-Support,1,Broad-Explorer,0,Weekday-Shopper
13686,1,1,Low-Support,0,Focused-Buyer,0,Weekday-Shopper
16581,1,1,Low-Support,0,Focused-Buyer,0,Weekday-Shopper
15267,0,0,High-Support,0,Focused-Buyer,0,Weekday-Shopper
17234,1,0,High-Support,0,Focused-Buyer,0,Weekday-Shopper
17797,0,0,High-Support,1,Broad-Explorer,0,Weekday-Shopper
16614,1,1,Low-Support,0,Focused-Buyer,0,Weekday-Shopper
12409,0,0,High-Support,0,Focused-Buyer,0,Weekday-Shopper
15411,0,1,Low-Support,0,Focused-Buyer,1,Weekend-Shopper
14178,0,0,High-Support,1,Broad-Explorer,0,Weekday-Shopper
15098,1,3,High-Returner,0,Focused-Buyer,0,Weekday-Shopper
18281,1,1,Low-Support,0,Focused-Buyer,1,Weekend-Shopper
14984,0,1,Low-Support,0,Focused-Buyer,1,Weekend-Shopper
12516,0,0,High-Support,0,Focused-Buyer,1,Weekend-Shopper
17265,1,1,Low-Support,1,Broad-Explorer,1,Weekend-Shopper
13617,0,0,High-Support,0,Focused-Buyer,1,Weekend-Shopper
17242,1,1,Low-Support,0,Focused-Buyer,1,Weekend-Shopper
17289,0,0,High-Support,0,Focused-Buyer,1,Weekend-Shopper
16018,0,1,Low-Support,0,Focused-Buyer,1,Weekend-Shopper
14704,0,1,Low-Support,1,Broad-Explorer,0,Weekday-Shopper
16794,0,1,Low-Support,1,Broad-Explorer,1,Weekend-Shopper
13761,0,1,Low-Support,0,Focused-Buyer,0,Weekday-Shopper
13517,0,1,Low-Support,1,Broad-Explorer,0,Weekday-Shopper
13936,1,1,Low-Support,0,Focused-Buyer,0,Weekday-Shopper
16342,0,1,Low-Support,0,Focused-Buyer,0,Weekday-Shopper
14177,0,1,Low-Support,0,Focused-Buyer,0,Weekday-Shopper
12732,1,0,High-Support,0,Focused-Buyer,0,Weekday-Shopper
16205,0,1,Low-Support,0,Focused-Buyer,0,Weekday-Shopper
15036,0,1,Low-Support,1,Broad-Explorer,0,Weekday-Shopper
13589,0,1,Low-Support,0,Focused-Buyer,0,Weekday-Shopper
17579,0,1,Low-Support,0,Focused-Buyer,0,Weekday-Shopper
15069,1,1,Low-Support,1,Broad-Explorer,0,Weekday-Shopper
17349,1,1,Low-Support,0,Focused-Buyer,0,Weekday-Shopper
13080,1,1,Low-Support,0,Focused-Buyer,0,Weekday-Shopper
13663,1,1,Low-Support,0,Focused-Buyer,0,Weekday-Shopper
14503,0,0,High-Support,1,Broad-Explorer,0,Weekday-Shopper
16774,0,1,Low-Support,0,Focused-Buyer,0,Weekday-Shopper
13384,0,1,Low-Support,1,Broad-Explorer,0,Weekday-Shopper
17101,0,1,Low-Support,0,Focused-Buyer,0,Weekday-Shopper
14997,0,1,Low-Support,0,Focused-Buyer,0,Weekday-Shopper
17155,0,0,High-Support,0,Focused-Buyer,0,Weekday-Shopper
12809,1,1,Low-Support,0,Focused-Buyer,0,Weekday-Shopper
16461,1,0,High-Support,0,Focused-Buyer,0,Weekday-Shopper
13343,1,0,High-Support,0,Focused-Buyer,0,Weekday-Shopper
12624,1,0,High-Support,0,Focused-Buyer,0,Weekday-Shopper
18165,1,1,Low-Support,0,Focused-Buyer,0,Weekday-Shopper
17536,1,0,High-Support,0,Focused-Buyer,0,Weekday-Shopper
16324,1,1,Low-Support,1,Broad-Explorer,0,Weekday-Shopper
17651,0,1,Low-Support,1,Broad-Explorer,0,Weekday-Shopper
14222,1,1,Low-Support,0,Focused-Buyer,0,Weekday-Shopper
15585,1,0,High-Support,0,Focused-Buyer,0,Weekday-Shopper
17490,0,2,Serial-Canceller,0,Focused-Buyer,0,Weekday-Shopper
16739,1,1,Low-Support,0,Focused-Buyer,0,Weekday-Shopper
16276,1,1,Low-Support,0,Focused-Buyer,0,Weekday-Shopper
17193,0,0,High-Support,0,Focused-Buyer,0,Weekday-Shopper
16257,1,0,High-Support,0,Focused-Buyer,0,Weekday-Shopper
14285,0,1,Low-Support,0,Focused-Buyer,1,Weekend-Shopper
17642,1,1,Low-Support,0,Focused-Buyer,0,Weekday-Shopper
12816,1,0,High-Support,0,Focused-Buyer,0,Weekday-Shopper
13826,1,1,Low-Support,0,Focused-Buyer,0,Weekday-Shopper
13575,0,1,Low-Support,0,Focused-Buyer,0,Weekday-Shopper
17157,0,1,Low-Support,0,Focused-Buyer,0,Weekday-Shopper
16852,0,0,High-Support,0,Focused-Buyer,0,Weekday-Shopper
15219,1,0,High-Support,0,Focused-Buyer,0,Weekday-Shopper
15014,0,1,Low-Support,0,Focused-Buyer,0,Weekday-Shopper
14765,0,1,Low-Support,0,Focused-Buyer,0,Weekday-Shopper
16869,0,0,High-Support,1,Broad-Explorer,0,Weekday-Shopper
15909,1,1,Low-Support,0,Focused-Buyer,1,Weekend-Shopper
13618,1,0,High-Support,0,Focused-Buyer,1,Weekend-Shopper
16050,1,1,Low-Support,0,Focused-Buyer,1,Weekend-Shopper
17879,1,1,Low-Support,0,Focused-Buyer,1,Weekend-Shopper
17562,0,1,Low-Support,0,Focused-Buyer,1,Weekend-Shopper
15334,1,1,Low-Support,0,Focused-Buyer,0,Weekday-Shopper
12450,1,1,Low-Support,0,Focused-Buyer,1,Weekend-Shopper
13568,1,1,Low-Support,0,Focused-Buyer,1,Weekend-Shopper
14820,0,1,Low-Support,0,Focused-Buyer,1,Weekend-Shopper
16744,0,1,Low-Support,1,Broad-Explorer,1,Weekend-Shopper
15700,1,1,Low-Support,0,Focused-Buyer,1,Weekend-Shopper
17299,0,0,High-Support,0,Focused-Buyer,1,Weekend-Shopper
12837,1,1,Low-Support,0,Focused-Buyer,1,Weekend-Shopper
15076,1,0,High-Support,0,Focused-Buyer,0,Weekday-Shopper
17444,1,1,Low-Support,1,Broad-Explorer,0,Weekday-Shopper
15921,1,1,Low-Support,0,Focused-Buyer,0,Weekday-Shopper
15747,0,1,Low-Support,0,Focused-Buyer,1,Weekend-Shopper
15840,0,1,Low-Support,0,Focused-Buyer,0,Weekday-Shopper
15016,1,1,Low-Support,0,Focused-Buyer,0,Weekday-Shopper
14808,0,2,Serial-Canceller,1,Broad-Explorer,0,Weekday-Shopper
12904,0,1,Low-Support,0,Focused-Buyer,0,Weekday-Shopper
15825,1,1,Low-Support,0,Focused-Buyer,0,Weekday-Shopper
12432,0,1,Low-Support,1,Broad-Explorer,0,Weekday-Shopper
15389,1,1,Low-Support,0,Focused-Buyer,0,Weekday-Shopper
15280,1,0,High-Support,0,Focused-Buyer,0,Weekday-Shopper
17159,0,1,Low-Support,1,Broad-Explorer,0,Weekday-Shopper
12830,0,1,Low-Support,0,Focused-Buyer,0,Weekday-Shopper
15507,1,1,Low-Support,0,Focused-Buyer,0,Weekday-Shopper
18252,0,0,High-Support,1,Broad-Explorer,0,Weekday-Shopper
16526,1,0,High-Support,0,Focused-Buyer,0,Weekday-Shopper
17695,1,0,High-Support,0,Focused-Buyer,0,Weekday-Shopper
12930,0,1,Low-Support,0,Focused-Buyer,0,Weekday-Shopper
14960,0,1,Low-Support,0,Focused-Buyer,0,Weekday-Shopper
12444,0,1,Low-Support,1,Broad-Explorer,0,Weekday-Shopper
17960,1,1,Low-Support,0,Focused-Buyer,0,Weekday-Shopper
15412,1,0,High-Support,0,Focused-Buyer,0,Weekday-Shopper
13763,0,1,Low-Support,0,Focused-Buyer,0,Weekday-Shopper
12798,0,1,Low-Support,0,Focused-Buyer,0,Weekday-Shopper
13849,0,0,High-Support,1,Broad-Explorer,0,Weekday-Shopper
16114,1,0,High-Support,0,Focused-Buyer,0,Weekday-Shopper
13420,1,1,Low-Support,0,Focused-Buyer,0,Weekday-Shopper
13780,0,1,Low-Support,0,Focused-Buyer,0,Weekday-Shopper
17877,1,1,Low-Support,0,Focused-Buyer,0,Weekday-Shopper
16247,1,1,Low-Support,0,Focused-Buyer,0,Weekday-Shopper
15041,1,1,Low-Support,1,Broad-Explorer,0,Weekday-Shopper
12379,0,1,Low-Support,0,Focused-Buyer,0,Weekday-Shopper
16287,1,1,Low-Support,0,Focused-Buyer,0,Weekday-Shopper
12919,0,1,Low-Support,0,Focused-Buyer,0,Weekday-Shopper
15130,1,1,Low-Support,0,Focused-Buyer,0,Weekday-Shopper
12704,0,0,High-Support,0,Focused-Buyer,0,Weekday-Shopper
17370,0,1,Low-Support,0,Focused-Buyer,0,Weekday-Shopper
17709,1,0,High-Support,0,Focused-Buyer,0,Weekday-Shopper
15253,0,1,Low-Support,0,Focused-Buyer,0,Weekday-Shopper
13300,1,0,High-Support,0,Focused-Buyer,0,Weekday-Shopper
17759,0,1,Low-Support,0,Focused-Buyer,0,Weekday-Shopper
12465,0,1,Low-Support,0,Focused-Buyer,0,Weekday-Shopper
12412,0,0,High-Support,0,Focused-Buyer,0,Weekday-Shopper
12697,0,1,Low-Support,0,Focused-Buyer,0,Weekday-Shopper
13937,1,1,Low-Support,0,Focused-Buyer,0,Weekday-Shopper
12615,0,1,Low-Support,0,Focused-Buyer,0,Weekday-Shopper
15850,0,1,Low-Support,1,Broad-Explorer,1,Weekend-Shopper
15186,0,1,Low-Support,0,Focused-Buyer,0,Weekday-Shopper
13791,0,3,High-Returner,0,Focused-Buyer,0,Weekday-Shopper
14795,1,1,Low-Support,0,Focused-Buyer,1,Weekend-Shopper
17768,0,0,High-Support,0,Focused-Buyer,1,Weekend-Shopper
18112,0,1,Low-Support,0,Focused-Buyer,1,Weekend-Shopper
12548,1,1,Low-Support,0,Focused-Buyer,1,Weekend-Shopper
17386,0,0,High-Support,0,Focused-Buyer,0,Weekday-Shopper
14104,1,1,Low-Support,0,Focused-Buyer,0,Weekday-Shopper
17110,1,0,High-Support,0,Focused-Buyer,0,Weekday-Shopper
13895,0,0,High-Support,0,Focused-Buyer,0,Weekday-Shopper
16545,1,0,High-Support,0,Focused-Buyer,0,Weekday-Shopper
16671,0,1,Low-Support,0,Focused-Buyer,0,Weekday-Shopper
14351,1,0,High-Support,0,Focused-Buyer,0,Weekday-Shopper
17391,1,1,Low-Support,0,Focused-Buyer,0,Weekday-Shopper
16824,0,1,Low-Support,0,Focused-Buyer,0,Weekday-Shopper
17750,0,1,Low-Support,0,Focused-Buyer,0,Weekday-Shopper
16200,0,1,Low-Support,1,Broad-Explorer,0,Weekday-Shopper
17997,0,2,Serial-Canceller,1,Broad-Explorer,0,Weekday-Shopper
14383,0,1,Low-Support,0,Focused-Buyer,0,Weekday-Shopper
13461,0,1,Low-Support,0,Focused-Buyer,0,Weekday-Shopper
17408,1,0,High-Support,0,Focused-Buyer,0,Weekday-Shopper
15537,1,0,High-Support,0,Focused-Buyer,0,Weekday-Shopper
14327,1,1,Low-Support,0,Focused-Buyer,0,Weekday-Shopper
17837,0,1,Low-Support,0,Focused-Buyer,0,Weekday-Shopper
12424,1,1,Low-Support,0,Focused-Buyer,0,Weekday-Shopper
15578,1,0,High-Support,0,Focused-Buyer,0,Weekday-Shopper
15584,0,0,High-Support,0,Focused-Buyer,0,Weekday-Shopper
13745,1,0,High-Support,0,Focused-Buyer,0,Weekday-Shopper
16498,1,0,High-Support,0,Focused-Buyer,0,Weekday-Shopper
17891,1,1,Low-Support,0,Focused-Buyer,0,Weekday-Shopper
17123,1,1,Low-Support,0,Focused-Buyer,0,Weekday-Shopper
16866,1,0,High-Support,0,Focused-Buyer,0,Weekday-Shopper
13730,1,1,Low-Support,0,Focused-Buyer,0,Weekday-Shopper
16589,0,0,High-Support,0,Focused-Buyer,0,Weekday-Shopper
12922,1,0,High-Support,0,Focused-Buyer,0,Weekday-Shopper
16009,0,1,Low-Support,0,Focused-Buyer,1,Weekend-Shopper
14053,1,1,Low-Support,0,Focused-Buyer,1,Weekend-Shopper
17939,1,1,Low-Support,0,Focused-Buyer,1,Weekend-Shopper
17312,1,0,High-Support,0,Focused-Buyer,1,Weekend-Shopper
13833,1,1,Low-Support,0,Focused-Buyer,1,Weekend-Shopper
17899,1,1,Low-Support,0,Focused-Buyer,1,Weekend-Shopper
15007,1,0,High-Support,0,Focused-Buyer,1,Weekend-Shopper
17464,1,1,Low-Support,0,Focused-Buyer,0,Weekday-Shopper
18265,0,1,Low-Support,0,Focused-Buyer,0,Weekday-Shopper
16344,1,0,High-Support,0,Focused-Buyer,0,Weekday-Shopper
13338,1,3,High-Returner,0,Focused-Buyer,0,Weekday-Shopper
17024,0,1,Low-Support,0,Focused-Buyer,0,Weekday-Shopper
14034,0,1,Low-Support,0,Focused-Buyer,0,Weekday-Shopper
18203,1,1,Low-Support,0,Focused-Buyer,0,Weekday-Shopper
16616,0,1,Low-Support,0,Focused-Buyer,0,Weekday-Shopper
16338,1,1,Low-Support,0,Focused-Buyer,0,Weekday-Shopper
17046,1,1,Low-Support,0,Focused-Buyer,0,Weekday-Shopper
13109,0,0,High-Support,0,Focused-Buyer,0,Weekday-Shopper
16829,1,1,Low-Support,0,Focused-Buyer,0,Weekday-Shopper
13217,1,3,High-Returner,0,Focused-Buyer,0,Weekday-Shopper
14002,1,0,High-Support,0,Focused-Buyer,0,Weekday-Shopper
12977,1,1,Low-Support,0,Focused-Buyer,0,Weekday-Shopper
13291,1,1,Low-Support,0,Focused-Buyer,0,Weekday-Shopper
13583,1,0,High-Support,1,Broad-Explorer,0,Weekday-Shopper
16929,0,1,Low-Support,0,Focused-Buyer,0,Weekday-Shopper
17892,0,0,High-Support,0,Focused-Buyer,0,Weekday-Shopper
15505,0,1,Low-Support,0,Focused-Buyer,0,Weekday-Shopper
14459,1,0,High-Support,0,Focused-Buyer,0,Weekday-Shopper
18013,1,1,Low-Support,0,Focused-Buyer,0,Weekday-Shopper
13681,0,1,Low-Support,0,Focused-Buyer,1,Weekend-Shopper
13699,1,0,High-Support,0,Focused-Buyer,0,Weekday-Shopper
14493,0,1,Low-Support,0,Focused-Buyer,0,Weekday-Shopper
13486,0,1,Low-Support,0,Focused-Buyer,0,Weekday-Shopper
13302,1,0,High-Support,0,Focused-Buyer,0,Weekday-Shopper
16012,0,1,Low-Support,0,Focused-Buyer,0,Weekday-Shopper
12635,0,1,Low-Support,1,Broad-Explorer,1,Weekend-Shopper
17031,0,0,High-Support,0,Focused-Buyer,0,Weekday-Shopper
12461,1,0,High-Support,0,Focused-Buyer,0,Weekday-Shopper
12648,1,1,Low-Support,0,Focused-Buyer,0,Weekday-Shopper
18121,1,1,Low-Support,0,Focused-Buyer,0,Weekday-Shopper
15901,0,1,Low-Support,1,Broad-Explorer,0,Weekday-Shopper
14918,1,0,High-Support,0,Focused-Buyer,0,Weekday-Shopper
15920,1,1,Low-Support,0,Focused-Buyer,0,Weekday-Shopper
17353,1,1,Low-Support,0,Focused-Buyer,0,Weekday-Shopper
18024,1,0,High-Support,0,Focused-Buyer,1,Weekend-Shopper
15467,0,0,High-Support,0,Focused-Buyer,1,Weekend-Shopper
16174,1,1,Low-Support,0,Focused-Buyer,0,Weekday-Shopper
13678,1,1,Low-Support,0,Focused-Buyer,0,Weekday-Shopper
14690,0,1,Low-Support,0,Focused-Buyer,0,Weekday-Shopper
13058,0,0,High-Support,0,Focused-Buyer,0,Weekday-Shopper
14552,1,1,Low-Support,1,Broad-Explorer,0,Weekday-Shopper
12556,0,1,Low-Support,1,Broad-Explorer,0,Weekday-Shopper
13224,0,1,Low-Support,1,Broad-Explorer,0,Weekday-Shopper
16989,0,1,Low-Support,0,Focused-Buyer,0,Weekday-Shopper
12358,0,0,High-Support,0,Focused-Buyer,0,Weekday-Shopper
13207,0,1,Low-Support,0,Focused-Buyer,0,Weekday-Shopper
18122,0,1,Low-Support,1,Broad-Explorer,0,Weekday-Shopper
12722,0,0,High-Support,0,Focused-Buyer,0,Weekday-Shopper
17405,0,2,Serial-Canceller,0,Focused-Buyer,0,Weekday-Shopper
13311,0,1,Low-Support,0,Focused-Buyer,0,Weekday-Shopper
15051,0,1,Low-Support,1,Broad-Explorer,0,Weekday-Shopper
15895,1,1,Low-Support,0,Focused-Buyer,0,Weekday-Shopper
15795,1,1,Low-Support,0,Focused-Buyer,0,Weekday-Shopper
13669,0,0,High-Support,0,Focused-Buyer,0,Weekday-Shopper
16450,1,0,High-Support,0,Focused-Buyer,0,Weekday-Shopper
13667,1,0,High-Support,1,Broad-Explorer,0,Weekday-Shopper
14400,1,1,Low-Support,0,Focused-Buyer,0,Weekday-Shopper
12405,1,1,Low-Support,1,Broad-Explorer,0,Weekday-Shopper
14265,1,1,Low-Support,0,Focused-Buyer,0,Weekday-Shopper
14847,1,0,High-Support,0,Focused-Buyer,0,Weekday-Shopper
14862,0,1,Low-Support,0,Focused-Buyer,0,Weekday-Shopper
16488,0,1,Low-Support,0,Focused-Buyer,0,Weekday-Shopper
15256,1,1,Low-Support,0,Focused-Buyer,0,Weekday-Shopper
14716,0,1,Low-Support,0,Focused-Buyer,0,Weekday-Shopper
13933,1,1,Low-Support,0,Focused-Buyer,0,Weekday-Shopper
14857,0,1,Low-Support,0,Focused-Buyer,0,Weekday-Shopper
15306,0,1,Low-Support,0,Focused-Buyer,0,Weekday-Shopper
15839,0,0,High-Support,0,Focused-Buyer,0,Weekday-Shopper
13994,0,1,Low-Support,1,Broad-Explorer,0,Weekday-Shopper
17554,0,0,High-Support,0,Focused-Buyer,0,Weekday-Shopper
14332,0,1,Low-Support,0,Focused-Buyer,0,Weekday-Shopper
17266,0,0,High-Support,0,Focused-Buyer,0,Weekday-Shopper
17948,1,0,High-Support,0,Focused-Buyer,0,Weekday-Shopper
15004,1,1,Low-Support,1,Broad-Explorer,0,Weekday-Shopper
14722,1,1,Low-Support,0,Focused-Buyer,0,Weekday-Shopper
13507,0,0,High-Support,1,Broad-Explorer,1,Weekend-Shopper
13967,1,0,High-Support,0,Focused-Buyer,1,Weekend-Shopper
16054,1,0,High-Support,1,Broad-Explorer,1,Weekend-Shopper
12833,1,1,Low-Support,0,Focused-Buyer,1,Weekend-Shopper
16474,0,1,Low-Support,1,Broad-Explorer,0,Weekday-Shopper
17984,1,0,High-Support,0,Focused-Buyer,1,Weekend-Shopper
12589,0,0,High-Support,0,Focused-Buyer,0,Weekday-Shopper
17448,1,3,High-Returner,0,Focused-Buyer,0,Weekday-Shopper
16762,0,0,High-Support,0,Focused-Buyer,1,Weekend-Shopper
15369,1,3,High-Returner,0,Focused-Buyer,0,Weekday-Shopper
13154,1,3,High-Returner,0,Focused-Buyer,0,Weekday-Shopper
13940,0,1,Low-Support,0,Focused-Buyer,0,Weekday-Shopper
14029,0,1,Low-Support,0,Focused-Buyer,0,Weekday-Shopper
14117,1,1,Low-Support,0,Focused-Buyer,0,Weekday-Shopper
13167,0,1,Low-Support,0,Focused-Buyer,0,Weekday-Shopper
17779,0,0,High-Support,0,Focused-Buyer,0,Weekday-Shopper
13991,0,1,Low-Support,0,Focused-Buyer,1,Weekend-Shopper
18101,0,0,High-Support,0,Focused-Buyer,0,Weekday-Shopper
17065,1,3,High-Returner,0,Focused-Buyer,0,Weekday-Shopper
13827,0,1,Low-Support,0,Focused-Buyer,0,Weekday-Shopper
12560,0,1,Low-Support,0,Focused-Buyer,0,Weekday-Shopper
16764,0,2,Serial-Canceller,1,Broad-Explorer,0,Weekday-Shopper
18180,0,1,Low-Support,1,Broad-Explorer,0,Weekday-Shopper
12521,1,1,Low-Support,0,Focused-Buyer,0,Weekday-Shopper
17866,1,1,Low-Support,0,Focused-Buyer,0,Weekday-Shopper
15802,1,3,High-Returner,0,Focused-Buyer,0,Weekday-Shopper
17229,1,1,Low-Support,0,Focused-Buyer,0,Weekday-Shopper
14456,0,1,Low-Support,1,Broad-Explorer,1,Weekend-Shopper
16464,0,0,High-Support,1,Broad-Explorer,0,Weekday-Shopper
17962,1,1,Low-Support,0,Focused-Buyer,0,Weekday-Shopper
16149,0,1,Low-Support,0,Focused-Buyer,0,Weekday-Shopper
14259,1,1,Low-Support,0,Focused-Buyer,0,Weekday-Shopper
18143,1,0,High-Support,0,Focused-Buyer,0,Weekday-Shopper
17935,1,0,High-Support,0,Focused-Buyer,0,Weekday-Shopper
14517,0,0,High-Support,0,Focused-Buyer,0,Weekday-Shopper
17694,1,0,High-Support,0,Focused-Buyer,0,Weekday-Shopper
17660,1,1,Low-Support,0,Focused-Buyer,0,Weekday-Shopper
16041,0,1,Low-Support,0,Focused-Buyer,0,Weekday-Shopper
15623,1,0,High-Support,0,Focused-Buyer,0,Weekday-Shopper
15829,1,1,Low-Support,0,Focused-Buyer,0,Weekday-Shopper
15232,1,1,Low-Support,0,Focused-Buyer,0,Weekday-Shopper
12438,0,1,Low-Support,1,Broad-Explorer,0,Weekday-Shopper
12627,0,0,High-Support,1,Broad-Explorer,0,Weekday-Shopper
13079,0,1,Low-Support,0,Focused-Buyer,0,Weekday-Shopper
18262,1,1,Low-Support,0,Focused-Buyer,0,Weekday-Shopper
13563,0,1,Low-Support,0,Focused-Buyer,0,Weekday-Shopper
15506,0,0,High-Support,1,Broad-Explorer,0,Weekday-Shopper
16305,1,0,High-Support,0,Focused-Buyer,1,Weekend-Shopper
12864,1,1,Low-Support,0,Focused-Buyer,1,Weekend-Shopper
17724,0,0,High-Support,0,Focused-Buyer,0,Weekday-Shopper
17703,0,1,Low-Support,0,Focused-Buyer,0,Weekday-Shopper
13116,1,1,Low-Support,0,Focused-Buyer,1,Weekend-Shopper
14019,0,1,Low-Support,0,Focused-Buyer,1,Weekend-Shopper
17649,1,1,Low-Support,0,Focused-Buyer,1,Weekend-Shopper
16178,1,1,Low-Support,0,Focused-Buyer,1,Weekend-Shopper
17040,1,0,High-Support,0,Focused-Buyer,0,Weekday-Shopper
14100,1,0,High-Support,0,Focused-Buyer,0,Weekday-Shopper
16557,0,1,Low-Support,0,Focused-Buyer,0,Weekday-Shopper
13296,1,1,Low-Support,0,Focused-Buyer,0,Weekday-Shopper
13814,0,1,Low-Support,0,Focused-Buyer,0,Weekday-Shopper
16364,0,0,High-Support,0,Focused-Buyer,0,Weekday-Shopper
17693,1,1,Low-Support,0,Focused-Buyer,0,Weekday-Shopper
15372,1,1,Low-Support,0,Focused-Buyer,0,Weekday-Shopper
15618,0,1,Low-Support,0,Focused-Buyer,0,Weekday-Shopper
13930,0,1,Low-Support,0,Focused-Buyer,0,Weekday-Shopper
13379,0,1,Low-Support,0,Focused-Buyer,1,Weekend-Shopper
13194,1,0,High-Support,0,Focused-Buyer,0,Weekday-Shopper
16447,1,0,High-Support,0,Focused-Buyer,0,Weekday-Shopper
14305,0,1,Low-Support,0,Focused-Buyer,0,Weekday-Shopper
12397,0,0,High-Support,1,Broad-Explorer,0,Weekday-Shopper
14331,1,0,High-Support,0,Focused-Buyer,0,Weekday-Shopper
15261,1,1,Low-Support,0,Focused-Buyer,0,Weekday-Shopper
15105,0,1,Low-Support,0,Focused-Buyer,0,Weekday-Shopper
13813,0,1,Low-Support,0,Focused-Buyer,0,Weekday-Shopper
18268,1,3,High-Returner,0,Focused-Buyer,0,Weekday-Shopper
14855,1,1,Low-Support,0,Focused-Buyer,0,Weekday-Shopper
13925,0,0,High-Support,0,Focused-Buyer,0,Weekday-Shopper
18237,0,0,High-Support,0,Focused-Buyer,0,Weekday-Shopper
12453,1,0,High-Support,0,Focused-Buyer,0,Weekday-Shopper
15639,1,1,Low-Support,0,Focused-Buyer,0,Weekday-Shopper
15118,1,1,Low-Support,0,Focused-Buyer,0,Weekday-Shopper
15746,1,0,High-Support,0,Focused-Buyer,0,Weekday-Shopper
12743,1,1,Low-Support,1,Broad-Explorer,0,Weekday-Shopper
15942,1,0,High-Support,0,Focused-Buyer,0,Weekday-Shopper
14143,1,1,Low-Support,0,Focused-Buyer,0,Weekday-Shopper
15120,1,0,High-Support,0,Focused-Buyer,0,Weekday-Shopper
16147,1,1,Low-Support,0,Focused-Buyer,0,Weekday-Shopper
13277,0,1,Low-Support,0,Focused-Buyer,0,Weekday-Shopper
18127,0,0,High-Support,0,Focused-Buyer,1,Weekend-Shopper
15149,1,1,Low-Support,0,Focused-Buyer,0,Weekday-Shopper
18081,0,1,Low-Support,0,Focused-Buyer,0,Weekday-Shopper
14511,0,1,Low-Support,0,Focused-Buyer,0,Weekday-Shopper
12716,0,0,High-Support,0,Focused-Buyer,0,Weekday-Shopper
15776,1,1,Low-Support,0,Focused-Buyer,0,Weekday-Shopper
12981,0,1,Low-Support,0,Focused-Buyer,0,Weekday-Shopper
13106,1,3,High-Returner,0,Focused-Buyer,0,Weekday-Shopper
13928,0,0,High-Support,0,Focused-Buyer,0,Weekday-Shopper
14885,1,0,High-Support,0,Focused-Buyer,1,Weekend-Shopper
13388,1,0,High-Support,0,Focused-Buyer,1,Weekend-Shopper
15438,1,1,Low-Support,0,Focused-Buyer,1,Weekend-Shopper
17173,0,1,Low-Support,0,Focused-Buyer,1,Weekend-Shopper
17941,1,1,Low-Support,0,Focused-Buyer,0,Weekday-Shopper
14947,0,1,Low-Support,0,Focused-Buyer,0,Weekday-Shopper
17053,1,1,Low-Support,0,Focused-Buyer,0,Weekday-Shopper
12534,1,0,High-Support,1,Broad-Explorer,0,Weekday-Shopper
12844,0,1,Low-Support,0,Focused-Buyer,0,Weekday-Shopper
14567,0,0,High-Support,0,Focused-Buyer,0,Weekday-Shopper
14937,0,1,Low-Support,0,Focused-Buyer,0,Weekday-Shopper
12828,0,1,Low-Support,0,Focused-Buyer,0,Weekday-Shopper
16984,0,2,Serial-Canceller,1,Broad-Explorer,0,Weekday-Shopper
13023,0,1,Low-Support,0,Focused-Buyer,0,Weekday-Shopper
17553,1,0,High-Support,0,Focused-Buyer,0,Weekday-Shopper
13075,1,1,Low-Support,0,Focused-Buyer,0,Weekday-Shopper
15342,1,0,High-Support,0,Focused-Buyer,0,Weekday-Shopper
12644,1,1,Low-Support,0,Focused-Buyer,0,Weekday-Shopper
12378,1,1,Low-Support,1,Broad-Explorer,0,Weekday-Shopper
17788,0,1,Low-Support,0,Focused-Buyer,0,Weekday-Shopper
13850,0,1,Low-Support,1,Broad-Explorer,0,Weekday-Shopper
14076,1,1,Low-Support,0,Focused-Buyer,0,Weekday-Shopper
13805,0,0,High-Support,0,Focused-Buyer,0,Weekday-Shopper
17887,1,1,Low-Support,0,Focused-Buyer,0,Weekday-Shopper
13186,0,1,Low-Support,0,Focused-Buyer,0,Weekday-Shopper
12750,1,1,Low-Support,0,Focused-Buyer,0,Weekday-Shopper
15374,1,1,Low-Support,0,Focused-Buyer,0,Weekday-Shopper
17656,0,0,High-Support,0,Focused-Buyer,0,Weekday-Shopper
16102,0,1,Low-Support,0,Focused-Buyer,0,Weekday-Shopper
15089,0,0,High-Support,1,Broad-Explorer,0,Weekday-Shopper
14972,1,0,High-Support,0,Focused-Buyer,0,Weekday-Shopper
17514,1,1,Low-Support,0,Focused-Buyer,0,Weekday-Shopper
12917,1,1,Low-Support,0,Focused-Buyer,0,Weekday-Shopper
12689,0,1,Low-Support,0,Focused-Buyer,0,Weekday-Shopper
14768,0,0,High-Support,0,Focused-Buyer,0,Weekday-Shopper
17584,0,1,Low-Support,0,Focused-Buyer,0,Weekday-Shopper
15254,1,1,Low-Support,0,Focused-Buyer,0,Weekday-Shopper
18099,1,1,Low-Support,0,Focused-Buyer,0,Weekday-Shopper
15205,0,0,High-Support,0,Focused-Buyer,0,Weekday-Shopper
13218,1,1,Low-Support,0,Focused-Buyer,0,Weekday-Shopper
17267,1,1,Low-Support,0,Focused-Buyer,0,Weekday-Shopper
16302,1,1,Low-Support,0,Focused-Buyer,0,Weekday-Shopper
13513,1,1,Low-Support,0,Focused-Buyer,0,Weekday-Shopper
14720,0,1,Low-Support,0,Focused-Buyer,1,Weekend-Shopper
18282,0,1,Low-Support,0,Focused-Buyer,0,Weekday-Shopper
12610,0,1,Low-Support,0,Focused-Buyer,0,Weekday-Shopper
13200,0,1,Low-Support,0,Focused-Buyer,0,Weekday-Shopper
14079,1,1,Low-Support,0,Focused-Buyer,1,Weekend-Shopper
17298,1,1,Low-Support,0,Focused-Buyer,0,Weekday-Shopper
14024,1,1,Low-Support,0,Focused-Buyer,1,Weekend-Shopper
16066,0,1,Low-Support,0,Focused-Buyer,1,Weekend-Shopper
15198,1,1,Low-Support,0,Focused-Buyer,0,Weekday-Shopper
12885,0,0,High-Support,0,Focused-Buyer,0,Weekday-Shopper
17331,1,0,High-Support,0,Focused-Buyer,0,Weekday-Shopper
13016,0,0,High-Support,0,Focused-Buyer,0,Weekday-Shopper
13500,0,1,Low-Support,0,Focused-Buyer,0,Weekday-Shopper
15247,1,1,Low-Support,0,Focused-Buyer,0,Weekday-Shopper
13355,1,1,Low-Support,0,Focused-Buyer,0,Weekday-Shopper
16053,0,0,High-Support,1,Broad-Explorer,0,Weekday-Shopper
13919,0,0,High-Support,0,Focused-Buyer,0,Weekday-Shopper
12384,0,0,High-Support,0,Focused-Buyer,0,Weekday-Shopper
16292,1,1,Low-Support,0,Focused-Buyer,0,Weekday-Shopper
12571,0,0,High-Support,0,Focused-Buyer,0,Weekday-Shopper
14116,0,1,Low-Support,0,Focused-Buyer,0,Weekday-Shopper
14495,0,0,High-Support,0,Focused-Buyer,0,Weekday-Shopper
15494,0,1,Low-Support,1,Broad-Explorer,0,Weekday-Shopper
15608,0,1,Low-Support,0,Focused-Buyer,0,Weekday-Shopper
17248,1,0,High-Support,1,Broad-Explorer,0,Weekday-Shopper
17653,0,1,Low-Support,0,Focused-Buyer,0,Weekday-Shopper
13645,1,1,Low-Support,0,Focused-Buyer,0,Weekday-Shopper
15469,0,1,Low-Support,0,Focused-Buyer,0,Weekday-Shopper
13307,1,1,Low-Support,0,Focused-Buyer,0,Weekday-Shopper
12381,0,0,High-Support,0,Focused-Buyer,0,Weekday-Shopper
17122,1,1,Low-Support,0,Focused-Buyer,0,Weekday-Shopper
14406,1,1,Low-Support,0,Focused-Buyer,0,Weekday-Shopper
15683,1,1,Low-Support,0,Focused-Buyer,1,Weekend-Shopper
14301,1,1,Low-Support,0,Focused-Buyer,1,Weekend-Shopper
14658,0,1,Low-Support,0,Focused-Buyer,1,Weekend-Shopper
13621,1,0,High-Support,0,Focused-Buyer,0,Weekday-Shopper
16272,1,0,High-Support,0,Focused-Buyer,0,Weekday-Shopper
17958,1,1,Low-Support,0,Focused-Buyer,0,Weekday-Shopper
16836,0,0,High-Support,0,Focused-Buyer,0,Weekday-Shopper
16961,1,1,Low-Support,0,Focused-Buyer,0,Weekday-Shopper
16902,1,1,Low-Support,0,Focused-Buyer,0,Weekday-Shopper
15706,0,0,High-Support,0,Focused-Buyer,0,Weekday-Shopper
15480,1,0,High-Support,0,Focused-Buyer,0,Weekday-Shopper
15315,0,0,High-Support,0,Focused-Buyer,0,Weekday-Shopper
15653,1,1,Low-Support,0,Focused-Buyer,0,Weekday-Shopper
13159,0,1,Low-Support,1,Broad-Explorer,0,Weekday-Shopper
13189,0,0,High-Support,0,Focused-Buyer,0,Weekday-Shopper
17637,0,1,Low-Support,0,Focused-Buyer,0,Weekday-Shopper
12641,1,1,Low-Support,0,Focused-Buyer,0,Weekday-Shopper
13470,1,1,Low-Support,0,Focused-Buyer,0,Weekday-Shopper
15786,0,2,Serial-Canceller,1,Broad-Explorer,0,Weekday-Shopper
15541,1,1,Low-Support,0,Focused-Buyer,0,Weekday-Shopper
16734,0,0,High-Support,0,Focused-Buyer,0,Weekday-Shopper
16706,0,1,Low-Support,1,Broad-Explorer,0,Weekday-Shopper
17070,1,1,Low-Support,1,Broad-Explorer,0,Weekday-Shopper
12688,1,1,Low-Support,1,Broad-Explorer,0,Weekday-Shopper
12729,1,1,Low-Support,0,Focused-Buyer,0,Weekday-Shopper
12962,0,1,Low-Support,0,Focused-Buyer,0,Weekday-Shopper
13273,1,1,Low-Support,0,Focused-Buyer,0,Weekday-Shopper
17736,0,1,Low-Support,0,Focused-Buyer,0,Weekday-Shopper
15472,1,1,Low-Support,1,Broad-Explorer,0,Weekday-Shopper
12680,0,0,High-Support,0,Focused-Buyer,0,Weekday-Shopper
16582,1,0,High-Support,0,Focused-Buyer,0,Weekday-Shopper
17747,1,3,High-Returner,0,Focused-Buyer,0,Weekday-Shopper
12513,0,0,High-Support,0,Focused-Buyer,0,Weekday-Shopper
15396,1,1,Low-Support,0,Focused-Buyer,0,Weekday-Shopper
12418,1,1,Low-Support,0,Focused-Buyer,0,Weekday-Shopper
16828,1,1,Low-Support,0,Focused-Buyer,0,Weekday-Shopper
14712,0,1,Low-Support,0,Focused-Buyer,1,Weekend-Shopper
12991,0,1,Low-Support,0,Focused-Buyer,0,Weekday-Shopper
14772,1,1,Low-Support,0,Focused-Buyer,0,Weekday-Shopper
12364,0,1,Low-Support,0,Focused-Buyer,0,Weekday-Shopper
12968,1,0,High-Support,0,Focused-Buyer,0,Weekday-Shopper
16330,0,1,Low-Support,0,Focused-Buyer,0,Weekday-Shopper
14566,1,1,Low-Support,0,Focused-Buyer,1,Weekend-Shopper
15701,0,1,Low-Support,1,Broad-Explorer,1,Weekend-Shopper
12518,0,1,Low-Support,0,Focused-Buyer,0,Weekday-Shopper
14529,0,1,Low-Support,1,Broad-Explorer,0,Weekday-Shopper
16536,1,1,Low-Support,0,Focused-Buyer,1,Weekend-Shopper
15313,1,0,High-Support,0,Focused-Buyer,1,Weekend-Shopper
15801,0,1,Low-Support,0,Focused-Buyer,0,Weekday-Shopper
16201,0,1,Low-Support,0,Focused-Buyer,0,Weekday-Shopper
16555,0,1,Low-Support,0,Focused-Buyer,0,Weekday-Shopper
16952,1,1,Low-Support,0,Focused-Buyer,0,Weekday-Shopper
14387,0,1,Low-Support,1,Broad-Explorer,0,Weekday-Shopper
17073,0,0,High-Support,1,Broad-Explorer,0,Weekday-Shopper
18147,0,1,Low-Support,0,Focused-Buyer,0,Weekday-Shopper
14523,1,1,Low-Support,0,Focused-Buyer,0,Weekday-Shopper
14418,0,1,Low-Support,1,Broad-Explorer,0,Weekday-Shopper
12642,0,0,High-Support,0,Focused-Buyer,0,Weekday-Shopper
16968,0,1,Low-Support,0,Focused-Buyer,0,Weekday-Shopper
16723,1,0,High-Support,0,Focused-Buyer,0,Weekday-Shopper
13411,1,1,Low-Support,0,Focused-Buyer,0,Weekday-Shopper
16340,1,1,Low-Support,1,Broad-Explorer,0,Weekday-Shopper
13236,0,1,Low-Support,0,Focused-Buyer,0,Weekday-Shopper
14196,1,1,Low-Support,0,Focused-Buyer,0,Weekday-Shopper
15263,1,0,High-Support,0,Focused-Buyer,0,Weekday-Shopper
14314,1,1,Low-Support,0,Focused-Buyer,0,Weekday-Shopper
16093,1,0,High-Support,0,Focused-Buyer,0,Weekday-Shopper
17844,1,1,Low-Support,0,Focused-Buyer,0,Weekday-Shopper
14687,1,0,High-Support,0,Focused-Buyer,0,Weekday-Shopper
14050,0,1,Low-Support,0,Focused-Buyer,0,Weekday-Shopper
16429,1,1,Low-Support,0,Focused-Buyer,0,Weekday-Shopper
14055,1,1,Low-Support,0,Focused-Buyer,0,Weekday-Shopper
12715,1,1,Low-Support,0,Focused-Buyer,0,Weekday-Shopper
15663,1,0,High-Support,0,Focused-Buyer,0,Weekday-Shopper
18200,1,1,Low-Support,0,Focused-Buyer,0,Weekday-Shopper
18167,0,1,Low-Support,0,Focused-Buyer,0,Weekday-Shopper
13644,0,0,High-Support,1,Broad-Explorer,0,Weekday-Shopper
17451,0,1,Low-Support,0,Focused-Buyer,0,Weekday-Shopper
16641,1,1,Low-Support,0,Focused-Buyer,0,Weekday-Shopper
13812,0,1,Low-Support,0,Focused-Buyer,0,Weekday-Shopper
14141,0,1,Low-Support,0,Focused-Buyer,0,Weekday-Shopper
15074,1,0,High-Support,0,Focused-Buyer,0,Weekday-Shopper
12492,0,1,Low-Support,0,Focused-Buyer,0,Weekday-Shopper
17183,0,1,Low-Support,0,Focused-Buyer,1,Weekend-Shopper
15325,1,1,Low-Support,0,Focused-Buyer,1,Weekend-Shopper
13778,1,1,Low-Support,0,Focused-Buyer,1,Weekend-Shopper
14869,0,0,High-Support,0,Focused-Buyer,1,Weekend-Shopper
14096,0,2,Serial-Canceller,1,Broad-Explorer,0,Weekday-Shopper
14108,0,1,Low-Support,0,Focused-Buyer,0,Weekday-Shopper
12814,1,0,High-Support,0,Focused-Buyer,0,Weekday-Shopper
15866,1,1,Low-Support,0,Focused-Buyer,0,Weekday-Shopper
14660,0,0,High-Support,0,Focused-Buyer,0,Weekday-Shopper
13726,0,1,Low-Support,0,Focused-Buyer,0,Weekday-Shopper
15690,0,1,Low-Support,0,Focused-Buyer,0,Weekday-Shopper
17777,0,1,Low-Support,1,Broad-Explorer,0,Weekday-Shopper
16278,0,1,Low-Support,0,Focused-Buyer,0,Weekday-Shopper
13276,0,1,Low-Support,0,Focused-Buyer,0,Weekday-Shopper
12436,1,1,Low-Support,0,Focused-Buyer,0,Weekday-Shopper
13147,0,1,Low-Support,0,Focused-Buyer,0,Weekday-Shopper
13045,1,1,Low-Support,0,Focused-Buyer,0,Weekday-Shopper
13099,1,1,Low-Support,0,Focused-Buyer,0,Weekday-Shopper
12739,0,1,Low-Support,0,Focused-Buyer,0,Weekday-Shopper
14420,0,1,Low-Support,0,Focused-Buyer,0,Weekday-Shopper
14436,1,1,Low-Support,0,Focused-Buyer,0,Weekday-Shopper
18027,1,1,Low-Support,0,Focused-Buyer,0,Weekday-Shopper
12794,0,0,High-Support,0,Focused-Buyer,0,Weekday-Shopper
12832,0,1,Low-Support,0,Focused-Buyer,0,Weekday-Shopper
16674,0,0,High-Support,1,Broad-Explorer,1,Weekend-Shopper
12375,0,1,Low-Support,0,Focused-Buyer,0,Weekday-Shopper
16173,0,1,Low-Support,0,Focused-Buyer,0,Weekday-Shopper
14171,1,0,High-Support,1,Broad-Explorer,0,Weekday-Shopper
13434,0,0,High-Support,0,Focused-Buyer,0,Weekday-Shopper
16761,1,1,Low-Support,0,Focused-Buyer,1,Weekend-Shopper
14067,0,1,Low-Support,0,Focused-Buyer,1,Weekend-Shopper
13808,0,0,High-Support,0,Focused-Buyer,1,Weekend-Shopper
12851,1,0,High-Support,0,Focused-Buyer,1,Weekend-Shopper
14335,0,1,Low-Support,0,Focused-Buyer,1,Weekend-Shopper
14965,1,0,High-Support,1,Broad-Explorer,1,Weekend-Shopper
15136,0,1,Low-Support,0,Focused-Buyer,1,Weekend-Shopper
16629,0,0,High-Support,0,Focused-Buyer,1,Weekend-Shopper
18261,0,1,Low-Support,0,Focused-Buyer,0,Weekday-Shopper
15307,1,0,High-Support,0,Focused-Buyer,0,Weekday-Shopper
16820,1,1,Low-Support,0,Focused-Buyer,0,Weekday-Shopper
17309,1,1,Low-Support,0,Focused-Buyer,0,Weekday-Shopper
13949,0,0,High-Support,1,Broad-Explorer,0,Weekday-Shopper
14360,0,1,Low-Support,1,Broad-Explorer,0,Weekday-Shopper
16400,1,1,Low-Support,0,Focused-Buyer,0,Weekday-Shopper
14208,1,1,Low-Support,0,Focused-Buyer,0,Weekday-Shopper
12526,0,1,Low-Support,0,Focused-Buyer,0,Weekday-Shopper
13130,1,1,Low-Support,0,Focused-Buyer,0,Weekday-Shopper
13210,1,1,Low-Support,0,Focused-Buyer,0,Weekday-Shopper
17481,0,1,Low-Support,0,Focused-Buyer,0,Weekday-Shopper
12685,0,0,High-Support,1,Broad-Explorer,0,Weekday-Shopper
17573,0,0,High-Support,0,Focused-Buyer,0,Weekday-Shopper
14452,0,1,Low-Support,0,Focused-Buyer,0,Weekday-Shopper
13889,1,1,Low-Support,0,Focused-Buyer,0,Weekday-Shopper
15488,1,1,Low-Support,0,Focused-Buyer,0,Weekday-Shopper
18222,1,1,Low-Support,0,Focused-Buyer,0,Weekday-Shopper
13244,1,0,High-Support,0,Focused-Buyer,0,Weekday-Shopper
17004,0,0,High-Support,0,Focused-Buyer,0,Weekday-Shopper
13441,1,0,High-Support,0,Focused-Buyer,0,Weekday-Shopper
13823,0,1,Low-Support,0,Focused-Buyer,0,Weekday-Shopper
12879,0,0,High-Support,0,Focused-Buyer,0,Weekday-Shopper
16603,0,1,Low-Support,0,Focused-Buyer,0,Weekday-Shopper
14824,0,0,High-Support,0,Focused-Buyer,0,Weekday-Shopper
16910,0,1,Low-Support,1,Broad-Explorer,0,Weekday-Shopper
15652,1,1,Low-Support,0,Focused-Buyer,0,Weekday-Shopper
16362,0,1,Low-Support,0,Focused-Buyer,0,Weekday-Shopper
15035,0,0,High-Support,0,Focused-Buyer,1,Weekend-Shopper
14508,0,1,Low-Support,0,Focused-Buyer,0,Weekday-Shopper
13272,0,0,High-Support,0,Focused-Buyer,1,Weekend-Shopper
17317,0,1,Low-Support,0,Focused-Buyer,1,Weekend-Shopper
14212,0,0,High-Support,0,Focused-Buyer,1,Weekend-Shopper
13372,0,1,Low-Support,0,Focused-Buyer,1,Weekend-Shopper
18255,0,0,High-Support,0,Focused-Buyer,1,Weekend-Shopper
14250,0,1,Low-Support,1,Broad-Explorer,1,Weekend-Shopper
16796,0,1,Low-Support,0,Focused-Buyer,1,Weekend-Shopper
14432,0,1,Low-Support,1,Broad-Explorer,1,Weekend-Shopper
15782,0,1,Low-Support,0,Focused-Buyer,1,Weekend-Shopper
12883,0,1,Low-Support,0,Focused-Buyer,0,Weekday-Shopper
12965,0,1,Low-Support,1,Broad-Explorer,1,Weekend-Shopper
15533,0,1,Low-Support,0,Focused-Buyer,1,Weekend-Shopper
18215,0,0,High-Support,0,Focused-Buyer,1,Weekend-Shopper
18158,0,1,Low-Support,0,Focused-Buyer,0,Weekday-Shopper
13375,0,1,Low-Support,0,Focused-Buyer,0,Weekday-Shopper
13431,0,1,Low-Support,0,Focused-Buyer,0,Weekday-Shopper
16211,0,1,Low-Support,0,Focused-Buyer,0,Weekday-Shopper
12884,0,1,Low-Support,0,Focused-Buyer,0,Weekday-Shopper
16141,0,1,Low-Support,0,Focused-Buyer,0,Weekday-Shopper
17919,0,1,Low-Support,0,Focused-Buyer,0,Weekday-Shopper
16360,0,1,Low-Support,1,Broad-Explorer,0,Weekday-Shopper
17433,0,0,High-Support,1,Broad-Explorer,0,Weekday-Shopper
13704,0,1,Low-Support,0,Focused-Buyer,0,Weekday-Shopper
14020,0,1,Low-Support,0,Focused-Buyer,0,Weekday-Shopper
14359,0,0,High-Support,0,Focused-Buyer,0,Weekday-Shopper
16451,0,1,Low-Support,0,Focused-Buyer,0,Weekday-Shopper
12940,0,1,Low-Support,0,Focused-Buyer,1,Weekend-Shopper
15216,0,1,Low-Support,0,Focused-Buyer,0,Weekday-Shopper
15522,0,1,Low-Support,0,Focused-Buyer,0,Weekday-Shopper
17037,0,1,Low-Support,1,Broad-Explorer,0,Weekday-Shopper
12822,0,1,Low-Support,0,Focused-Buyer,0,Weekday-Shopper
15343,0,1,Low-Support,0,Focused-Buyer,0,Weekday-Shopper
14753,0,1,Low-Support,0,Focused-Buyer,0,Weekday-Shopper
16959,0,0,High-Support,0,Focused-Buyer,0,Weekday-Shopper
18251,0,1,Low-Support,0,Focused-Buyer,0,Weekday-Shopper
13032,0,1,Low-Support,0,Focused-Buyer,0,Weekday-Shopper
12895,0,0,High-Support,0,Focused-Buyer,0,Weekday-Shopper
17640,0,0,High-Support,0,Focused-Buyer,0,Weekday-Shopper
13860,0,1,Low-Support,0,Focused-Buyer,0,Weekday-Shopper
12756,0,1,Low-Support,0,Focused-Buyer,0,Weekday-Shopper
18001,0,0,High-Support,0,Focused-Buyer,0,Weekday-Shopper
17728,0,0,High-Support,1,Broad-Explorer,0,Weekday-Shopper
15933,0,0,High-Support,0,Focused-Buyer,0,Weekday-Shopper
14284,0,1,Low-Support,0,Focused-Buyer,0,Weekday-Shopper
17347,0,1,Low-Support,0,Focused-Buyer,0,Weekday-Shopper
15103,0,1,Low-Support,0,Focused-Buyer,0,Weekday-Shopper
15707,0,0,High-Support,1,Broad-Explorer,0,Weekday-Shopper
13430,0,0,High-Support,0,Focused-Buyer,0,Weekday-Shopper
12566,0,0,High-Support,0,Focused-Buyer,0,Weekday-Shopper
13321,0,0,High-Support,0,Focused-Buyer,0,Weekday-Shopper
13877,0,1,Low-Support,0,Focused-Buyer,0,Weekday-Shopper
15272,0,1,Low-Support,0,Focused-Buyer,0,Weekday-Shopper
15322,0,0,High-Support,0,Focused-Buyer,0,Weekday-Shopper
17333,0,0,High-Support,0,Focused-Buyer,0,Weekday-Shopper
13518,0,0,High-Support,0,Focused-Buyer,0,Weekday-Shopper
14306,0,1,Low-Support,0,Focused-Buyer,0,Weekday-Shopper
17679,0,0,High-Support,0,Focused-Buyer,0,Weekday-Shopper
16160,0,1,Low-Support,0,Focused-Buyer,0,Weekday-Shopper
15573,0,1,Low-Support,1,Broad-Explorer,0,Weekday-Shopper
14894,0,1,Low-Support,0,Focused-Buyer,0,Weekday-Shopper
17434,0,0,High-Support,0,Focused-Buyer,0,Weekday-Shopper
15466,0,1,Low-Support,1,Broad-Explorer,0,Weekday-Shopper
15511,0,0,High-Support,1,Broad-Explorer,0,Weekday-Shopper
17846,0,1,Low-Support,0,Focused-Buyer,0,Weekday-Shopper
16189,0,0,High-Support,0,Focused-Buyer,0,Weekday-Shopper
15417,0,1,Low-Support,0,Focused-Buyer,0,Weekday-Shopper
12995,0,3,High-Returner,0,Focused-Buyer,0,Weekday-Shopper
14557,0,3,High-Returner,0,Focused-Buyer,0,Weekday-Shopper
16108,0,1,Low-Support,0,Focused-Buyer,0,Weekday-Shopper
17144,0,1,Low-Support,0,Focused-Buyer,0,Weekday-Shopper
16924,0,0,High-Support,0,Focused-Buyer,0,Weekday-Shopper
15099,0,1,Low-Support,0,Focused-Buyer,0,Weekday-Shopper
13323,0,1,Low-Support,0,Focused-Buyer,0,Weekday-Shopper
14124,0,1,Low-Support,0,Focused-Buyer,0,Weekday-Shopper
15975,0,0,High-Support,0,Focused-Buyer,0,Weekday-Shopper
15523,0,1,Low-Support,0,Focused-Buyer,0,Weekday-Shopper
16878,0,3,High-Returner,0,Focused-Buyer,0,Weekday-Shopper
15947,0,1,Low-Support,0,Focused-Buyer,1,Weekend-Shopper
13247,0,1,Low-Support,0,Focused-Buyer,1,Weekend-Shopper
13566,0,0,High-Support,1,Broad-Explorer,1,Weekend-Shopper
18194,0,3,High-Returner,0,Focused-Buyer,1,Weekend-Shopper
16689,0,1,Low-Support,0,Focused-Buyer,1,Weekend-Shopper
16438,0,0,High-Support,0,Focused-Buyer,1,Weekend-Shopper
13067,0,0,High-Support,0,Focused-Buyer,1,Weekend-Shopper
16460,0,1,Low-Support,1,Broad-Explorer,0,Weekday-Shopper
13325,0,1,Low-Support,0,Focused-Buyer,0,Weekday-Shopper
12640,0,1,Low-Support,0,Focused-Buyer,0,Weekday-Shopper
13774,0,1,Low-Support,0,Focused-Buyer,0,Weekday-Shopper
12497,0,0,High-Support,0,Focused-Buyer,0,Weekday-Shopper
12752,0,0,High-Support,1,Broad-Explorer,0,Weekday-Shopper
15504,0,1,Low-Support,0,Focused-Buyer,0,Weekday-Shopper
15500,0,1,Low-Support,0,Focused-Buyer,0,Weekday-Shopper
17557,0,0,High-Support,0,Focused-Buyer,0,Weekday-Shopper
13228,0,0,High-Support,0,Focused-Buyer,0,Weekday-Shopper
14356,0,1,Low-Support,0,Focused-Buyer,0,Weekday-Shopper
13416,0,1,Low-Support,0,Focused-Buyer,0,Weekday-Shopper
17628,0,1,Low-Support,0,Focused-Buyer,0,Weekday-Shopper
16527,0,0,High-Support,0,Focused-Buyer,0,Weekday-Shopper
16428,0,3,High-Returner,0,Focused-Buyer,0,Weekday-Shopper
15341,0,1,Low-Support,0,Focused-Buyer,0,Weekday-Shopper
16215,0,0,High-Support,0,Focused-Buyer,0,Weekday-Shopper
14164,0,1,Low-Support,0,Focused-Buyer,0,Weekday-Shopper
15888,0,0,High-Support,0,Focused-Buyer,0,Weekday-Shopper
17564,0,0,High-Support,0,Focused-Buyer,0,Weekday-Shopper
13356,0,1,Low-Support,0,Focused-Buyer,0,Weekday-Shopper
12390,0,1,Low-Support,0,Focused-Buyer,0,Weekday-Shopper
18228,0,1,Low-Support,0,Focused-Buyer,0,Weekday-Shopper
17415,0,1,Low-Support,0,Focused-Buyer,0,Weekday-Shopper
13350,0,0,High-Support,0,Focused-Buyer,0,Weekday-Shopper
12550,0,1,Low-Support,1,Broad-Explorer,0,Weekday-Shopper
16627,0,1,Low-Support,0,Focused-Buyer,0,Weekday-Shopper
17475,0,1,Low-Support,0,Focused-Buyer,0,Weekday-Shopper
14951,0,0,High-Support,0,Focused-Buyer,0,Weekday-Shopper
14780,0,0,High-Support,0,Focused-Buyer,0,Weekday-Shopper
14887,0,0,High-Support,0,Focused-Buyer,0,Weekday-Shopper
15399,0,1,Low-Support,0,Focused-Buyer,0,Weekday-Shopper
17466,0,1,Low-Support,0,Focused-Buyer,0,Weekday-Shopper
16379,0,0,High-Support,0,Focused-Buyer,0,Weekday-Shopper
17172,0,1,Low-Support,0,Focused-Buyer,0,Weekday-Shopper
15239,0,0,High-Support,0,Focused-Buyer,0,Weekday-Shopper
16213,0,1,Low-Support,0,Focused-Buyer,0,Weekday-Shopper
15603,0,0,High-Support,0,Focused-Buyer,0,Weekday-Shopper
14261,0,0,High-Support,0,Focused-Buyer,0,Weekday-Shopper
12657,0,2,Serial-Canceller,0,Focused-Buyer,0,Weekday-Shopper
15571,0,0,High-Support,0,Focused-Buyer,1,Weekend-Shopper
15484,0,1,Low-Support,1,Broad-Explorer,0,Weekday-Shopper
12936,0,0,High-Support,0,Focused-Buyer,0,Weekday-Shopper
16236,0,0,High-Support,0,Focused-Buyer,0,Weekday-Shopper
16669,0,1,Low-Support,1,Broad-Explorer,0,Weekday-Shopper
15398,0,1,Low-Support,0,Focused-Buyer,0,Weekday-Shopper
12906,0,1,Low-Support,0,Focused-Buyer,0,Weekday-Shopper
17079,0,1,Low-Support,0,Focused-Buyer,0,Weekday-Shopper
14125,0,0,High-Support,1,Broad-Explorer,0,Weekday-Shopper
17163,0,1,Low-Support,0,Focused-Buyer,0,Weekday-Shopper
12952,0,1,Low-Support,0,Focused-Buyer,0,Weekday-Shopper
12579,0,1,Low-Support,0,Focused-Buyer,0,Weekday-Shopper
13279,0,0,High-Support,0,Focused-Buyer,0,Weekday-Shopper
12425,0,1,Low-Support,0,Focused-Buyer,0,Weekday-Shopper
16715,0,1,Low-Support,0,Focused-Buyer,0,Weekday-Shopper
13519,0,1,Low-Support,0,Focused-Buyer,0,Weekday-Shopper
12546,0,1,Low-Support,0,Focused-Buyer,0,Weekday-Shopper
15744,0,1,Low-Support,0,Focused-Buyer,0,Weekday-Shopper
13127,0,0,High-Support,0,Focused-Buyer,0,Weekday-Shopper
15714,0,1,Low-Support,0,Focused-Buyer,0,Weekday-Shopper
17480,0,1,Low-Support,0,Focused-Buyer,0,Weekday-Shopper
15763,0,0,High-Support,0,Focused-Buyer,0,Weekday-Shopper
15075,0,0,High-Support,0,Focused-Buyer,0,Weekday-Shopper
16978,0,0,High-Support,0,Focused-Buyer,0,Weekday-Shopper
14014,0,1,Low-Support,0,Focused-Buyer,0,Weekday-Shopper
16240,0,1,Low-Support,1,Broad-Explorer,0,Weekday-Shopper
13336,0,1,Low-Support,0,Focused-Buyer,0,Weekday-Shopper
14652,0,1,Low-Support,0,Focused-Buyer,0,Weekday-Shopper
15807,0,1,Low-Support,0,Focused-Buyer,0,Weekday-Shopper
15762,0,1,Low-Support,0,Focused-Buyer,0,Weekday-Shopper
15475,0,1,Low-Support,0,Focused-Buyer,0,Weekday-Shopper
15978,0,1,Low-Support,0,Focused-Buyer,0,Weekday-Shopper
16485,0,1,Low-Support,0,Focused-Buyer,0,Weekday-Shopper
12488,0,0,High-Support,0,Focused-Buyer,0,Weekday-Shopper
13083,0,1,Low-Support,0,Focused-Buyer,1,Weekend-Shopper
16169,0,0,High-Support,0,Focused-Buyer,0,Weekday-Shopper
17506,0,1,Low-Support,0,Focused-Buyer,1,Weekend-Shopper
16480,0,1,Low-Support,0,Focused-Buyer,1,Weekend-Shopper
17006,0,1,Low-Support,0,Focused-Buyer,0,Weekday-Shopper
17498,0,1,Low-Support,0,Focused-Buyer,1,Weekend-Shopper
17131,0,1,Low-Support,0,Focused-Buyer,1,Weekend-Shopper
13536,0,1,Low-Support,0,Focused-Buyer,1,Weekend-Shopper
15429,0,1,Low-Support,0,Focused-Buyer,1,Weekend-Shopper
17154,0,1,Low-Support,0,Focused-Buyer,1,Weekend-Shopper
16594,0,1,Low-Support,1,Broad-Explorer,1,Weekend-Shopper
16049,0,1,Low-Support,1,Broad-Explorer,1,Weekend-Shopper
14757,0,1,Low-Support,0,Focused-Buyer,1,Weekend-Shopper
16198,0,0,High-Support,0,Focused-Buyer,1,Weekend-Shopper
13670,0,1,Low-Support,0,Focused-Buyer,1,Weekend-Shopper
18066,0,1,Low-Support,0,Focused-Buyer,1,Weekend-Shopper
14806,0,1,Low-Support,0,Focused-Buyer,1,Weekend-Shopper
12783,0,1,Low-Support,0,Focused-Buyer,0,Weekday-Shopper
13429,0,1,Low-Support,0,Focused-Buyer,1,Weekend-Shopper
15154,0,0,High-Support,0,Focused-Buyer,1,Weekend-Shopper
13390,0,1,Low-Support,0,Focused-Buyer,0,Weekday-Shopper
12925,0,1,Low-Support,0,Focused-Buyer,0,Weekday-Shopper
13927,0,1,Low-Support,0,Focused-Buyer,0,Weekday-Shopper
18205,0,1,Low-Support,0,Focused-Buyer,0,Weekday-Shopper
14908,0,0,High-Support,0,Focused-Buyer,0,Weekday-Shopper
13639,0,1,Low-Support,0,Focused-Buyer,0,Weekday-Shopper
15958,0,1,Low-Support,0,Focused-Buyer,0,Weekday-Shopper
15492,0,0,High-Support,0,Focused-Buyer,0,Weekday-Shopper
15243,0,1,Low-Support,0,Focused-Buyer,0,Weekday-Shopper
16468,0,1,Low-Support,0,Focused-Buyer,0,Weekday-Shopper
15344,0,1,Low-Support,0,Focused-Buyer,0,Weekday-Shopper
13866,0,1,Low-Support,0,Focused-Buyer,0,Weekday-Shopper
12612,0,1,Low-Support,0,Focused-Buyer,0,Weekday-Shopper
16999,0,0,High-Support,0,Focused-Buyer,0,Weekday-Shopper
13514,0,0,High-Support,0,Focused-Buyer,0,Weekday-Shopper
13314,0,2,Serial-Canceller,0,Focused-Buyer,0,Weekday-Shopper
17805,0,1,Low-Support,0,Focused-Buyer,0,Weekday-Shopper
18278,0,1,Low-Support,0,Focused-Buyer,0,Weekday-Shopper
13979,0,1,Low-Support,1,Broad-Explorer,0,Weekday-Shopper
16181,0,1,Low-Support,0,Focused-Buyer,0,Weekday-Shopper
15568,0,1,Low-Support,0,Focused-Buyer,0,Weekday-Shopper
16354,0,0,High-Support,0,Focused-Buyer,0,Weekday-Shopper
14412,0,0,High-Support,0,Focused-Buyer,0,Weekday-Shopper
16119,0,0,High-Support,0,Focused-Buyer,0,Weekday-Shopper
14109,0,3,High-Returner,0,Focused-Buyer,0,Weekday-Shopper
16157,0,1,Low-Support,0,Focused-Buyer,0,Weekday-Shopper
15348,0,0,High-Support,0,Focused-Buyer,0,Weekday-Shopper
16281,0,0,High-Support,0,Focused-Buyer,0,Weekday-Shopper
13924,0,2,Serial-Canceller,0,Focused-Buyer,0,Weekday-Shopper
14434,0,1,Low-Support,0,Focused-Buyer,0,Weekday-Shopper
13061,0,0,High-Support,0,Focused-Buyer,0,Weekday-Shopper
17513,0,1,Low-Support,0,Focused-Buyer,0,Weekday-Shopper
16909,0,1,Low-Support,0,Focused-Buyer,0,Weekday-Shopper
16650,0,1,Low-Support,0,Focused-Buyer,0,Weekday-Shopper
18192,0,1,Low-Support,0,Focused-Buyer,0,Weekday-Shopper
17447,0,1,Low-Support,0,Focused-Buyer,0,Weekday-Shopper
17427,0,0,High-Support,0,Focused-Buyer,0,Weekday-Shopper
15175,0,1,Low-Support,0,Focused-Buyer,0,Weekday-Shopper
13960,0,1,Low-Support,0,Focused-Buyer,0,Weekday-Shopper
17528,0,1,Low-Support,1,Broad-Explorer,0,Weekday-Shopper
16361,0,1,Low-Support,0,Focused-Buyer,0,Weekday-Shopper
13886,0,1,Low-Support,0,Focused-Buyer,0,Weekday-Shopper
13354,0,0,High-Support,0,Focused-Buyer,0,Weekday-Shopper
15050,0,1,Low-Support,0,Focused-Buyer,0,Weekday-Shopper
13503,0,0,High-Support,0,Focused-Buyer,0,Weekday-Shopper
16653,0,1,Low-Support,0,Focused-Buyer,0,Weekday-Shopper
16574,0,1,Low-Support,0,Focused-Buyer,0,Weekday-Shopper
13759,0,1,Low-Support,0,Focused-Buyer,0,Weekday-Shopper
17813,0,1,Low-Support,1,Broad-Explorer,0,Weekday-Shopper
12718,0,1,Low-Support,0,Focused-Buyer,0,Weekday-Shopper
15949,0,0,High-Support,0,Focused-Buyer,0,Weekday-Shopper
12703,0,1,Low-Support,0,Focused-Buyer,0,Weekday-Shopper
13364,0,3,High-Returner,0,Focused-Buyer,0,Weekday-Shopper
16268,0,0,High-Support,0,Focused-Buyer,0,Weekday-Shopper
18053,0,1,Low-Support,0,Focused-Buyer,0,Weekday-Shopper
16101,0,1,Low-Support,0,Focused-Buyer,0,Weekday-Shopper
15565,0,1,Low-Support,0,Focused-Buyer,0,Weekday-Shopper
18217,0,0,High-Support,0,Focused-Buyer,0,Weekday-Shopper
13954,0,1,Low-Support,0,Focused-Buyer,0,Weekday-Shopper
15593,0,1,Low-Support,0,Focused-Buyer,0,Weekday-Shopper
13095,0,1,Low-Support,0,Focused-Buyer,0,Weekday-Shopper
15287,0,0,High-Support,0,Focused-Buyer,0,Weekday-Shopper
13347,0,0,High-Support,0,Focused-Buyer,0,Weekday-Shopper
15185,0,1,Low-Support,0,Focused-Buyer,0,Weekday-Shopper
16404,0,1,Low-Support,0,Focused-Buyer,0,Weekday-Shopper
16613,0,1,Low-Support,0,Focused-Buyer,0,Weekday-Shopper
16591,0,0,High-Support,0,Focused-Buyer,1,Weekend-Shopper
15774,0,0,High-Support,0,Focused-Buyer,1,Weekend-Shopper
13558,0,1,Low-Support,1,Broad-Explorer,1,Weekend-Shopper
16930,0,1,Low-Support,0,Focused-Buyer,1,Weekend-Shopper
16533,0,1,Low-Support,1,Broad-Explorer,1,Weekend-Shopper
18059,0,0,High-Support,0,Focused-Buyer,0,Weekday-Shopper
14488,0,0,High-Support,0,Focused-Buyer,0,Weekday-Shopper
16747,0,0,High-Support,0,Focused-Buyer,0,Weekday-Shopper
14333,0,3,High-Returner,0,Focused-Buyer,0,Weekday-Shopper
13635,0,1,Low-Support,1,Broad-Explorer,0,Weekday-Shopper
17330,0,0,High-Support,0,Focused-Buyer,0,Weekday-Shopper
17321,0,0,High-Support,1,Broad-Explorer,0,Weekday-Shopper
14815,0,1,Low-Support,0,Focused-Buyer,0,Weekday-Shopper
15091,0,1,Low-Support,0,Focused-Buyer,0,Weekday-Shopper
15088,0,1,Low-Support,0,Focused-Buyer,0,Weekday-Shopper
15930,0,0,High-Support,0,Focused-Buyer,0,Weekday-Shopper
16183,0,1,Low-Support,0,Focused-Buyer,0,Weekday-Shopper
13297,0,1,Low-Support,0,Focused-Buyer,0,Weekday-Shopper
13801,0,1,Low-Support,0,Focused-Buyer,0,Weekday-Shopper
16881,0,1,Low-Support,0,Focused-Buyer,0,Weekday-Shopper
17014,0,1,Low-Support,0,Focused-Buyer,0,Weekday-Shopper
15255,0,1,Low-Support,0,Focused-Buyer,0,Weekday-Shopper
14184,0,1,Low-Support,0,Focused-Buyer,0,Weekday-Shopper
13351,0,0,High-Support,0,Focused-Buyer,0,Weekday-Shopper
15739,0,1,Low-Support,0,Focused-Buyer,0,Weekday-Shopper
12512,0,0,High-Support,0,Focused-Buyer,0,Weekday-Shopper
17957,0,1,Low-Support,0,Focused-Buyer,0,Weekday-Shopper
15276,0,1,Low-Support,0,Focused-Buyer,0,Weekday-Shopper
15127,0,1,Low-Support,0,Focused-Buyer,0,Weekday-Shopper
16106,0,0,High-Support,0,Focused-Buyer,0,Weekday-Shopper
17666,0,0,High-Support,0,Focused-Buyer,0,Weekday-Shopper
13483,0,1,Low-Support,0,Focused-Buyer,0,Weekday-Shopper
16478,0,1,Low-Support,0,Focused-Buyer,0,Weekday-Shopper
17382,0,1,Low-Support,0,Focused-Buyer,0,Weekday-Shopper
12789,0,1,Low-Support,0,Focused-Buyer,0,Weekday-Shopper
16020,0,1,Low-Support,0,Focused-Buyer,0,Weekday-Shopper
17222,0,1,Low-Support,0,Focused-Buyer,0,Weekday-Shopper
16803,0,1,Low-Support,0,Focused-Buyer,0,Weekday-Shopper
13947,0,1,Low-Support,0,Focused-Buyer,0,Weekday-Shopper
16758,0,1,Low-Support,0,Focused-Buyer,0,Weekday-Shopper
12719,0,0,High-Support,0,Focused-Buyer,1,Weekend-Shopper
17647,0,1,Low-Support,0,Focused-Buyer,0,Weekday-Shopper
14054,0,0,High-Support,0,Focused-Buyer,0,Weekday-Shopper
12723,0,1,Low-Support,0,Focused-Buyer,0,Weekday-Shopper
18033,0,1,Low-Support,0,Focused-Buyer,0,Weekday-Shopper
13845,0,0,High-Support,0,Focused-Buyer,0,Weekday-Shopper
15837,0,0,High-Support,0,Focused-Buyer,0,Weekday-Shopper
12628,0,1,Low-Support,0,Focused-Buyer,0,Weekday-Shopper
13177,0,0,High-Support,0,Focused-Buyer,0,Weekday-Shopper
14317,0,1,Low-Support,0,Focused-Buyer,0,Weekday-Shopper
16295,0,1,Low-Support,0,Focused-Buyer,0,Weekday-Shopper
13602,0,1,Low-Support,0,Focused-Buyer,0,Weekday-Shopper
16895,0,1,Low-Support,1,Broad-Explorer,0,Weekday-Shopper
17295,0,1,Low-Support,0,Focused-Buyer,0,Weekday-Shopper
13504,0,1,Low-Support,0,Focused-Buyer,0,Weekday-Shopper
13422,0,1,Low-Support,1,Broad-Explorer,0,Weekday-Shopper
15264,0,1,Low-Support,0,Focused-Buyer,0,Weekday-Shopper
16432,0,1,Low-Support,0,Focused-Buyer,0,Weekday-Shopper
13816,0,1,Low-Support,0,Focused-Buyer,0,Weekday-Shopper
14518,0,1,Low-Support,0,Focused-Buyer,0,Weekday-Shopper
13882,0,1,Low-Support,0,Focused-Buyer,0,Weekday-Shopper
15937,0,1,Low-Support,0,Focused-Buyer,0,Weekday-Shopper
12923,0,0,High-Support,0,Focused-Buyer,0,Weekday-Shopper
17453,0,0,High-Support,0,Focused-Buyer,0,Weekday-Shopper
15766,0,1,Low-Support,0,Focused-Buyer,0,Weekday-Shopper
15300,0,1,Low-Support,0,Focused-Buyer,0,Weekday-Shopper
13348,0,1,Low-Support,0,Focused-Buyer,0,Weekday-Shopper
14592,0,1,Low-Support,1,Broad-Explorer,0,Weekday-Shopper
14792,0,3,High-Returner,0,Focused-Buyer,0,Weekday-Shopper
17030,0,1,Low-Support,0,Focused-Buyer,0,Weekday-Shopper
12420,0,1,Low-Support,0,Focused-Buyer,0,Weekday-Shopper
14427,0,0,High-Support,0,Focused-Buyer,0,Weekday-Shopper
12519,0,1,Low-Support,0,Focused-Buyer,0,Weekday-Shopper
13359,0,1,Low-Support,0,Focused-Buyer,0,Weekday-Shopper
14138,0,1,Low-Support,0,Focused-Buyer,0,Weekday-Shopper
15297,0,1,Low-Support,0,Focused-Buyer,0,Weekday-Shopper
13876,0,1,Low-Support,0,Focused-Buyer,0,Weekday-Shopper
12740,0,0,High-Support,0,Focused-Buyer,0,Weekday-Shopper
17086,0,0,High-Support,0,Focused-Buyer,0,Weekday-Shopper
13806,0,1,Low-Support,0,Focused-Buyer,0,Weekday-Shopper
18096,0,1,Low-Support,1,Broad-Explorer,0,Weekday-Shopper
13587,0,3,High-Returner,0,Focused-Buyer,0,Weekday-Shopper
12856,0,1,Low-Support,1,Broad-Explorer,0,Weekday-Shopper
13419,0,1,Low-Support,0,Focused-Buyer,0,Weekday-Shopper
17509,0,1,Low-Support,0,Focused-Buyer,0,Weekday-Shopper
16900,0,0,High-Support,0,Focused-Buyer,0,Weekday-Shopper
13689,0,1,Low-Support,0,Focused-Buyer,0,Weekday-Shopper
13755,0,0,High-Support,1,Broad-Explorer,0,Weekday-Shopper
16104,0,1,Low-Support,0,Focused-Buyer,1,Weekend-Shopper
13259,0,1,Low-Support,1,Broad-Explorer,1,Weekend-Shopper
16248,0,0,High-Support,0,Focused-Buyer,1,Weekend-Shopper
15612,0,1,Low-Support,0,Focused-Buyer,0,Weekday-Shopper
15787,0,1,Low-Support,1,Broad-Explorer,1,Weekend-Shopper
16595,0,1,Low-Support,1,Broad-Explorer,1,Weekend-Shopper
13260,0,1,Low-Support,0,Focused-Buyer,1,Weekend-Shopper
15821,0,1,Low-Support,0,Focused-Buyer,1,Weekend-Shopper
18088,0,1,Low-Support,0,Focused-Buyer,1,Weekend-Shopper
16685,0,1,Low-Support,0,Focused-Buyer,1,Weekend-Shopper
13193,0,0,High-Support,0,Focused-Buyer,1,Weekend-Shopper
13212,0,1,Low-Support,1,Broad-Explorer,1,Weekend-Shopper
14801,0,1,Low-Support,1,Broad-Explorer,1,Weekend-Shopper
16380,0,1,Low-Support,0,Focused-Buyer,1,Weekend-Shopper
16921,0,1,Low-Support,0,Focused-Buyer,1,Weekend-Shopper
15193,0,1,Low-Support,0,Focused-Buyer,0,Weekday-Shopper
14027,0,0,High-Support,0,Focused-Buyer,0,Weekday-Shopper
16179,0,0,High-Support,0,Focused-Buyer,0,Weekday-Shopper
15473,0,3,High-Returner,0,Focused-Buyer,0,Weekday-Shopper
17425,0,0,High-Support,0,Focused-Buyer,0,Weekday-Shopper
18169,0,0,High-Support,0,Focused-Buyer,0,Weekday-Shopper
18126,0,0,High-Support,1,Broad-Explorer,0,Weekday-Shopper
16688,0,1,Low-Support,0,Focused-Buyer,0,Weekday-Shopper
16982,0,1,Low-Support,0,Focused-Buyer,0,Weekday-Shopper
15330,0,1,Low-Support,0,Focused-Buyer,0,Weekday-Shopper
17186,0,1,Low-Support,0,Focused-Buyer,0,Weekday-Shopper
13685,0,0,High-Support,0,Focused-Buyer,0,Weekday-Shopper
16776,0,0,High-Support,1,Broad-Explorer,0,Weekday-Shopper
13980,0,1,Low-Support,0,Focused-Buyer,0,Weekday-Shopper
13352,0,0,High-Support,0,Focused-Buyer,0,Weekday-Shopper
15553,0,0,High-Support,0,Focused-Buyer,0,Weekday-Shopper
15886,0,1,Low-Support,0,Focused-Buyer,0,Weekday-Shopper
17203,0,1,Low-Support,1,Broad-Explorer,0,Weekday-Shopper
12607,0,2,Serial-Canceller,1,Broad-Explorer,0,Weekday-Shopper
17459,0,1,Low-Support,1,Broad-Explorer,0,Weekday-Shopper
12772,0,1,Low-Support,1,Broad-Explorer,0,Weekday-Shopper
16561,0,1,Low-Support,0,Focused-Buyer,0,Weekday-Shopper
14121,0,0,High-Support,1,Broad-Explorer,0,Weekday-Shopper
12371,0,1,Low-Support,0,Focused-Buyer,0,Weekday-Shopper
17119,0,1,Low-Support,0,Focused-Buyer,0,Weekday-Shopper
17620,0,1,Low-Support,0,Focused-Buyer,0,Weekday-Shopper
12824,0,1,Low-Support,0,Focused-Buyer,0,Weekday-Shopper
14710,0,0,High-Support,1,Broad-Explorer,1,Weekend-Shopper
16120,0,1,Low-Support,0,Focused-Buyer,0,Weekday-Shopper
14624,0,0,High-Support,0,Focused-Buyer,0,Weekday-Shopper
16171,0,1,Low-Support,0,Focused-Buyer,0,Weekday-Shopper
12536,0,2,Serial-Canceller,1,Broad-Explorer,0,Weekday-Shopper
13690,0,1,Low-Support,0,Focused-Buyer,0,Weekday-Shopper
17934,0,1,Low-Support,0,Focused-Buyer,0,Weekday-Shopper
14642,0,1,Low-Support,0,Focused-Buyer,0,Weekday-Shopper
12602,0,1,Low-Support,0,Focused-Buyer,0,Weekday-Shopper
16753,0,1,Low-Support,0,Focused-Buyer,0,Weekday-Shopper
17737,0,1,Low-Support,0,Focused-Buyer,0,Weekday-Shopper
13464,0,1,Low-Support,0,Focused-Buyer,0,Weekday-Shopper
12667,0,0,High-Support,0,Focused-Buyer,0,Weekday-Shopper
12498,0,0,High-Support,0,Focused-Buyer,0,Weekday-Shopper
14537,0,1,Low-Support,0,Focused-Buyer,0,Weekday-Shopper
17279,0,1,Low-Support,0,Focused-Buyer,0,Weekday-Shopper
14251,0,0,High-Support,0,Focused-Buyer,0,Weekday-Shopper
12446,0,0,High-Support,1,Broad-Explorer,0,Weekday-Shopper
12631,0,1,Low-Support,0,Focused-Buyer,0,Weekday-Shopper
14234,0,1,Low-Support,1,Broad-Explorer,0,Weekday-Shopper
14975,0,1,Low-Support,0,Focused-Buyer,0,Weekday-Shopper
13853,0,1,Low-Support,0,Focused-Buyer,0,Weekday-Shopper
16773,0,0,High-Support,0,Focused-Buyer,0,Weekday-Shopper
16430,0,1,Low-Support,0,Focused-Buyer,0,Weekday-Shopper
16793,0,0,High-Support,0,Focused-Buyer,0,Weekday-Shopper
18130,0,1,Low-Support,0,Focused-Buyer,0,Weekday-Shopper
17614,0,1,Low-Support,1,Broad-Explorer,0,Weekday-Shopper
13858,0,1,Low-Support,0,Focused-Buyer,0,Weekday-Shopper
14856,0,1,Low-Support,0,Focused-Buyer,0,Weekday-Shopper
14089,0,0,High-Support,0,Focused-Buyer,0,Weekday-Shopper
15478,0,1,Low-Support,0,Focused-Buyer,1,Weekend-Shopper
16413,0,0,High-Support,0,Focused-Buyer,0,Weekday-Shopper
13810,0,1,Low-Support,0,Focused-Buyer,0,Weekday-Shopper
16416,0,1,Low-Support,0,Focused-Buyer,0,Weekday-Shopper
13006,0,1,Low-Support,0,Focused-Buyer,0,Weekday-Shopper
17986,0,0,High-Support,0,Focused-Buyer,0,Weekday-Shopper
12454,0,3,High-Returner,0,Focused-Buyer,0,Weekday-Shopper
14910,0,1,Low-Support,0,Focused-Buyer,1,Weekend-Shopper
16243,0,1,Low-Support,0,Focused-Buyer,1,Weekend-Shopper
13878,0,1,Low-Support,0,Focused-Buyer,1,Weekend-Shopper
16934,0,1,Low-Support,0,Focused-Buyer,1,Weekend-Shopper
15994,0,1,Low-Support,0,Focused-Buyer,1,Weekend-Shopper
14547,0,1,Low-Support,1,Broad-Explorer,1,Weekend-Shopper
16052,0,0,High-Support,0,Focused-Buyer,1,Weekend-Shopper
15113,0,0,High-Support,0,Focused-Buyer,1,Weekend-Shopper
12475,0,1,Low-Support,0,Focused-Buyer,0,Weekday-Shopper
16542,0,1,Low-Support,0,Focused-Buyer,0,Weekday-Shopper
18042,0,0,High-Support,0,Focused-Buyer,0,Weekday-Shopper
16563,0,1,Low-Support,0,Focused-Buyer,0,Weekday-Shopper
17201,0,1,Low-Support,0,Focused-Buyer,0,Weekday-Shopper
17520,0,1,Low-Support,0,Focused-Buyer,0,Weekday-Shopper
13923,0,1,Low-Support,0,Focused-Buyer,0,Weekday-Shopper
16412,0,1,Low-Support,0,Focused-Buyer,0,Weekday-Shopper
17205,0,0,High-Support,0,Focused-Buyer,0,Weekday-Shopper
17534,0,1,Low-Support,0,Focused-Buyer,0,Weekday-Shopper
15335,0,0,High-Support,0,Focused-Buyer,0,Weekday-Shopper
16737,0,1,Low-Support,0,Focused-Buyer,0,Weekday-Shopper
15066,0,2,Serial-Canceller,0,Focused-Buyer,0,Weekday-Shopper
17206,0,0,High-Support,0,Focused-Buyer,0,Weekday-Shopper
17785,0,1,Low-Support,0,Focused-Buyer,0,Weekday-Shopper
16932,0,0,High-Support,0,Focused-Buyer,0,Weekday-Shopper
16363,0,0,High-Support,0,Focused-Buyer,0,Weekday-Shopper
14830,0,0,High-Support,0,Focused-Buyer,0,Weekday-Shopper
17244,0,1,Low-Support,0,Focused-Buyer,0,Weekday-Shopper
15355,0,1,Low-Support,0,Focused-Buyer,0,Weekday-Shopper
15598,0,1,Low-Support,0,Focused-Buyer,0,Weekday-Shopper
15637,0,1,Low-Support,0,Focused-Buyer,0,Weekday-Shopper
16848,0,1,Low-Support,0,Focused-Buyer,0,Weekday-Shopper
15678,0,0,High-Support,0,Focused-Buyer,0,Weekday-Shopper
14015,0,1,Low-Support,0,Focused-Buyer,0,Weekday-Shopper
13594,0,0,High-Support,0,Focused-Buyer,0,Weekday-Shopper
15327,0,0,High-Support,0,Focused-Buyer,0,Weekday-Shopper
14861,0,1,Low-Support,0,Focused-Buyer,0,Weekday-Shopper
14554,0,1,Low-Support,1,Broad-Explorer,0,Weekday-Shopper
12611,0,1,Low-Support,1,Broad-Explorer,0,Weekday-Shopper
14179,0,1,Low-Support,1,Broad-Explorer,0,Weekday-Shopper
15604,0,1,Low-Support,0,Focused-Buyer,0,Weekday-Shopper
14381,0,1,Low-Support,1,Broad-Explorer,0,Weekday-Shopper
12572,0,1,Low-Support,0,Focused-Buyer,0,Weekday-Shopper
16123,0,1,Low-Support,0,Focused-Buyer,0,Weekday-Shopper
16851,0,1,Low-Support,0,Focused-Buyer,0,Weekday-Shopper
17148,0,1,Low-Support,0,Focused-Buyer,0,Weekday-Shopper
17549,0,1,Low-Support,0,Focused-Buyer,0,Weekday-Shopper
17973,0,0,High-Support,0,Focused-Buyer,0,Weekday-Shopper
15610,0,0,High-Support,0,Focused-Buyer,0,Weekday-Shopper
15853,0,1,Low-Support,0,Focused-Buyer,0,Weekday-Shopper
18019,0,1,Low-Support,0,Focused-Buyer,0,Weekday-Shopper
14698,0,1,Low-Support,1,Broad-Explorer,1,Weekend-Shopper
16826,0,0,High-Support,0,Focused-Buyer,0,Weekday-Shopper
17824,0,0,High-Support,0,Focused-Buyer,0,Weekday-Shopper
12522,0,1,Low-Support,0,Focused-Buyer,0,Weekday-Shopper
15803,0,0,High-Support,0,Focused-Buyer,0,Weekday-Shopper
15006,0,0,High-Support,1,Broad-Explorer,0,Weekday-Shopper
17350,0,0,High-Support,0,Focused-Buyer,0,Weekday-Shopper
14799,0,0,High-Support,0,Focused-Buyer,0,Weekday-Shopper
15814,0,0,High-Support,0,Focused-Buyer,0,Weekday-Shopper
16260,0,1,Low-Support,0,Focused-Buyer,0,Weekday-Shopper
14638,0,1,Low-Support,0,Focused-Buyer,0,Weekday-Shopper
17354,0,1,Low-Support,0,Focused-Buyer,0,Weekday-Shopper
13245,0,1,Low-Support,0,Focused-Buyer,0,Weekday-Shopper
14923,0,1,Low-Support,0,Focused-Buyer,0,Weekday-Shopper
16177,0,1,Low-Support,0,Focused-Buyer,0,Weekday-Shopper
13366,0,1,Low-Support,0,Focused-Buyer,0,Weekday-Shopper
16284,0,0,High-Support,1,Broad-Explorer,0,Weekday-Shopper
16846,0,1,Low-Support,0,Focused-Buyer,0,Weekday-Shopper
14484,0,0,High-Support,0,Focused-Buyer,0,Weekday-Shopper
13897,0,0,High-Support,0,Focused-Buyer,0,Weekday-Shopper
14585,0,1,Low-Support,0,Focused-Buyer,0,Weekday-Shopper
17125,0,1,Low-Support,0,Focused-Buyer,0,Weekday-Shopper
15836,0,0,High-Support,0,Focused-Buyer,0,Weekday-Shopper
16313,0,1,Low-Support,0,Focused-Buyer,0,Weekday-Shopper
13460,0,0,High-Support,0,Focused-Buyer,0,Weekday-Shopper
12403,0,1,Low-Support,0,Focused-Buyer,0,Weekday-Shopper
14967,0,0,High-Support,0,Focused-Buyer,0,Weekday-Shopper
15286,0,1,Low-Support,0,Focused-Buyer,0,Weekday-Shopper
17832,0,1,Low-Support,1,Broad-Explorer,0,Weekday-Shopper
12646,0,1,Low-Support,0,Focused-Buyer,0,Weekday-Shopper
16015,0,0,High-Support,1,Broad-Explorer,0,Weekday-Shopper
16311,0,0,High-Support,0,Focused-Buyer,0,Weekday-Shopper
15728,0,3,High-Returner,0,Focused-Buyer,0,Weekday-Shopper
15740,0,1,Low-Support,0,Focused-Buyer,0,Weekday-Shopper
13974,0,1,Low-Support,0,Focused-Buyer,0,Weekday-Shopper
15677,0,1,Low-Support,0,Focused-Buyer,0,Weekday-Shopper
15000,0,1,Low-Support,1,Broad-Explorer,1,Weekend-Shopper
16017,0,0,High-Support,0,Focused-Buyer,1,Weekend-Shopper
13471,0,0,High-Support,1,Broad-Explorer,1,Weekend-Shopper
13598,0,0,High-Support,0,Focused-Buyer,1,Weekend-Shopper
18005,0,1,Low-Support,0,Focused-Buyer,0,Weekday-Shopper
15427,0,1,Low-Support,1,Broad-Explorer,1,Weekend-Shopper
15022,0,1,Low-Support,1,Broad-Explorer,1,Weekend-Shopper
17111,0,1,Low-Support,0,Focused-Buyer,1,Weekend-Shopper
17836,0,1,Low-Support,0,Focused-Buyer,1,Weekend-Shopper
14629,0,0,High-Support,1,Broad-Explorer,1,Weekend-Shopper
15592,0,1,Low-Support,0,Focused-Buyer,0,Weekday-Shopper
15277,0,1,Low-Support,0,Focused-Buyer,0,Weekday-Shopper
16491,0,1,Low-Support,0,Focused-Buyer,0,Weekday-Shopper
15516,0,1,Low-Support,0,Focused-Buyer,0,Weekday-Shopper
14764,0,0,High-Support,0,Focused-Buyer,0,Weekday-Shopper
16742,0,3,High-Returner,0,Focused-Buyer,0,Weekday-Shopper
15142,0,1,Low-Support,0,Focused-Buyer,0,Weekday-Shopper
17344,0,1,Low-Support,0,Focused-Buyer,0,Weekday-Shopper
18240,0,1,Low-Support,0,Focused-Buyer,0,Weekday-Shopper
17081,0,1,Low-Support,0,Focused-Buyer,0,Weekday-Shopper
14474,0,1,Low-Support,0,Focused-Buyer,0,Weekday-Shopper
14139,0,1,Low-Support,0,Focused-Buyer,0,Weekday-Shopper
15844,0,0,High-Support,0,Focused-Buyer,0,Weekday-Shopper
13176,0,0,High-Support,1,Broad-Explorer,0,Weekday-Shopper
12398,0,1,Low-Support,1,Broad-Explorer,0,Weekday-Shopper
15345,0,1,Low-Support,0,Focused-Buyer,0,Weekday-Shopper
16708,0,1,Low-Support,0,Focused-Buyer,0,Weekday-Shopper
15963,0,1,Low-Support,0,Focused-Buyer,0,Weekday-Shopper
18045,0,1,Low-Support,0,Focused-Buyer,0,Weekday-Shopper
13182,0,1,Low-Support,0,Focused-Buyer,0,Weekday-Shopper
15158,0,1,Low-Support,0,Focused-Buyer,0,Weekday-Shopper
13028,0,1,Low-Support,0,Focused-Buyer,0,Weekday-Shopper
13978,0,1,Low-Support,0,Focused-Buyer,0,Weekday-Shopper
16056,0,0,High-Support,1,Broad-Explorer,0,Weekday-Shopper
12812,0,1,Low-Support,0,Focused-Buyer,0,Weekday-Shopper
16071,0,0,High-Support,0,Focused-Buyer,0,Weekday-Shopper
14539,0,1,Low-Support,0,Focused-Buyer,0,Weekday-Shopper
14550,0,0,High-Support,0,Focused-Buyer,0,Weekday-Shopper
17712,0,0,High-Support,0,Focused-Buyer,0,Weekday-Shopper
14102,0,1,Low-Support,0,Focused-Buyer,0,Weekday-Shopper
14598,0,1,Low-Support,0,Focused-Buyer,0,Weekday-Shopper
15320,0,1,Low-Support,0,Focused-Buyer,0,Weekday-Shopper
16415,0,0,High-Support,0,Focused-Buyer,0,Weekday-Shopper
12448,0,0,High-Support,0,Focused-Buyer,0,Weekday-Shopper
12827,0,0,High-Support,0,Focused-Buyer,0,Weekday-Shopper
16345,0,1,Low-Support,0,Focused-Buyer,0,Weekday-Shopper
15993,0,0,High-Support,1,Broad-Explorer,0,Weekday-Shopper
17895,0,1,Low-Support,0,Focused-Buyer,0,Weekday-Shopper
15948,0,0,High-Support,0,Focused-Buyer,0,Weekday-Shopper
15659,0,1,Low-Support,0,Focused-Buyer,0,Weekday-Shopper
18154,0,1,Low-Support,0,Focused-Buyer,0,Weekday-Shopper
12630,0,1,Low-Support,0,Focused-Buyer,0,Weekday-Shopper
13363,0,0,High-Support,0,Focused-Buyer,0,Weekday-Shopper
18276,0,1,Low-Support,0,Focused-Buyer,0,Weekday-Shopper
17684,0,1,Low-Support,0,Focused-Buyer,0,Weekday-Shopper
17878,0,0,High-Support,0,Focused-Buyer,0,Weekday-Shopper
14752,0,1,Low-Support,0,Focused-Buyer,0,Weekday-Shopper
16847,0,1,Low-Support,0,Focused-Buyer,0,Weekday-Shopper
14971,0,1,Low-Support,1,Broad-Explorer,0,Weekday-Shopper
17545,0,1,Low-Support,1,Broad-Explorer,0,Weekday-Shopper
16026,0,1,Low-Support,0,Focused-Buyer,0,Weekday-Shopper
16513,0,1,Low-Support,0,Focused-Buyer,1,Weekend-Shopper
12430,0,1,Low-Support,0,Focused-Buyer,0,Weekday-Shopper
14357,0,1,Low-Support,0,Focused-Buyer,0,Weekday-Shopper
16855,0,0,High-Support,0,Focused-Buyer,0,Weekday-Shopper
16680,0,1,Low-Support,0,Focused-Buyer,0,Weekday-Shopper
18035,0,1,Low-Support,0,Focused-Buyer,0,Weekday-Shopper
16648,0,1,Low-Support,0,Focused-Buyer,0,Weekday-Shopper
16164,0,1,Low-Support,0,Focused-Buyer,0,Weekday-Shopper
14218,0,1,Low-Support,0,Focused-Buyer,0,Weekday-Shopper
15096,0,1,Low-Support,0,Focused-Buyer,0,Weekday-Shopper
18030,0,1,Low-Support,0,Focused-Buyer,0,Weekday-Shopper
14416,0,0,High-Support,0,Focused-Buyer,0,Weekday-Shopper
17839,0,0,High-Support,0,Focused-Buyer,0,Weekday-Shopper
16601,0,1,Low-Support,0,Focused-Buyer,1,Weekend-Shopper
12912,0,0,High-Support,0,Focused-Buyer,0,Weekday-Shopper
13278,0,0,High-Support,0,Focused-Buyer,1,Weekend-Shopper
14582,0,1,Low-Support,0,Focused-Buyer,1,Weekend-Shopper
15748,0,0,High-Support,0,Focused-Buyer,1,Weekend-Shopper
16079,0,1,Low-Support,0,Focused-Buyer,1,Weekend-Shopper
17590,0,1,Low-Support,1,Broad-Explorer,0,Weekday-Shopper
15054,0,0,High-Support,1,Broad-Explorer,1,Weekend-Shopper
14158,0,1,Low-Support,0,Focused-Buyer,1,Weekend-Shopper
15385,0,0,High-Support,0,Focused-Buyer,1,Weekend-Shopper
16506,0,1,Low-Support,0,Focused-Buyer,1,Weekend-Shopper
13822,0,0,High-Support,1,Broad-Explorer,1,Weekend-Shopper
18067,0,0,High-Support,0,Focused-Buyer,1,Weekend-Shopper
16190,0,0,High-Support,0,Focused-Buyer,1,Weekend-Shopper
15444,0,1,Low-Support,1,Broad-Explorer,0,Weekday-Shopper
13607,0,1,Low-Support,1,Broad-Explorer,1,Weekend-Shopper
12581,0,0,High-Support,0,Focused-Buyer,0,Weekday-Shopper
15360,0,0,High-Support,0,Focused-Buyer,0,Weekday-Shopper
13103,0,1,Low-Support,0,Focused-Buyer,0,Weekday-Shopper
15667,0,0,High-Support,0,Focused-Buyer,0,Weekday-Shopper
13651,0,1,Low-Support,0,Focused-Buyer,0,Weekday-Shopper
12552,0,1,Low-Support,0,Focused-Buyer,0,Weekday-Shopper
16127,0,1,Low-Support,0,Focused-Buyer,0,Weekday-Shopper
12588,0,1,Low-Support,0,Focused-Buyer,0,Weekday-Shopper
15977,0,0,High-Support,0,Focused-Buyer,0,Weekday-Shopper
13697,0,1,Low-Support,0,Focused-Buyer,0,Weekday-Shopper
14345,0,0,High-Support,0,Focused-Buyer,0,Weekday-Shopper
17503,0,1,Low-Support,0,Focused-Buyer,0,Weekday-Shopper
16830,0,0,High-Support,0,Focused-Buyer,0,Weekday-Shopper
17495,0,0,High-Support,0,Focused-Buyer,0,Weekday-Shopper
12491,0,0,High-Support,0,Focused-Buyer,0,Weekday-Shopper
14485,0,1,Low-Support,0,Focused-Buyer,0,Weekday-Shopper
13868,0,1,Low-Support,0,Focused-Buyer,0,Weekday-Shopper
15423,0,1,Low-Support,0,Focused-Buyer,0,Weekday-Shopper
17668,0,0,High-Support,0,Focused-Buyer,0,Weekday-Shopper
16971,0,1,Low-Support,0,Focused-Buyer,0,Weekday-Shopper
16352,0,1,Low-Support,0,Focused-Buyer,0,Weekday-Shopper
16884,0,0,High-Support,0,Focused-Buyer,0,Weekday-Shopper
15830,0,0,High-Support,0,Focused-Buyer,0,Weekday-Shopper
14216,0,0,High-Support,0,Focused-Buyer,0,Weekday-Shopper
15275,0,1,Low-Support,0,Focused-Buyer,0,Weekday-Shopper
16790,0,1,Low-Support,0,Focused-Buyer,0,Weekday-Shopper
15576,0,1,Low-Support,0,Focused-Buyer,0,Weekday-Shopper
18105,0,1,Low-Support,0,Focused-Buyer,0,Weekday-Shopper
18164,0,1,Low-Support,0,Focused-Buyer,0,Weekday-Shopper
14974,0,1,Low-Support,0,Focused-Buyer,0,Weekday-Shopper
17947,0,0,High-Support,0,Focused-Buyer,0,Weekday-Shopper
13318,0,0,High-Support,0,Focused-Buyer,0,Weekday-Shopper
18104,0,1,Low-Support,0,Focused-Buyer,0,Weekday-Shopper
13271,0,0,High-Support,1,Broad-Explorer,0,Weekday-Shopper
17595,0,0,High-Support,0,Focused-Buyer,1,Weekend-Shopper
14528,0,1,Low-Support,0,Focused-Buyer,0,Weekday-Shopper
17432,0,1,Low-Support,0,Focused-Buyer,0,Weekday-Shopper
16337,0,1,Low-Support,0,Focused-Buyer,0,Weekday-Shopper
14098,0,1,Low-Support,0,Focused-Buyer,0,Weekday-Shopper
15551,0,1,Low-Support,0,Focused-Buyer,0,Weekday-Shopper
16347,0,1,Low-Support,0,Focused-Buyer,0,Weekday-Shopper
13721,0,1,Low-Support,0,Focused-Buyer,0,Weekday-Shopper
16322,0,1,Low-Support,0,Focused-Buyer,0,Weekday-Shopper
17403,0,1,Low-Support,0,Focused-Buyer,0,Weekday-Shopper
16914,0,1,Low-Support,0,Focused-Buyer,0,Weekday-Shopper
16602,0,0,High-Support,0,Focused-Buyer,0,Weekday-Shopper
12544,0,1,Low-Support,0,Focused-Buyer,0,Weekday-Shopper
13914,0,1,Low-Support,0,Focused-Buyer,0,Weekday-Shopper
13467,0,1,Low-Support,1,Broad-Explorer,0,Weekday-Shopper
17221,0,1,Low-Support,0,Focused-Buyer,0,Weekday-Shopper
17078,0,0,High-Support,0,Focused-Buyer,0,Weekday-Shopper
13447,0,0,High-Support,0,Focused-Buyer,1,Weekend-Shopper
15010,0,1,Low-Support,0,Focused-Buyer,0,Weekday-Shopper
18022,0,1,Low-Support,1,Broad-Explorer,0,Weekday-Shopper
16318,0,1,Low-Support,0,Focused-Buyer,0,Weekday-Shopper
17274,0,1,Low-Support,0,Focused-Buyer,0,Weekday-Shopper
15597,0,1,Low-Support,0,Focused-Buyer,0,Weekday-Shopper
17233,0,0,High-Support,0,Focused-Buyer,0,Weekday-Shopper
16887,0,1,Low-Support,0,Focused-Buyer,0,Weekday-Shopper
13938,0,1,Low-Support,0,Focused-Buyer,0,Weekday-Shopper
17084,0,1,Low-Support,1,Broad-Explorer,0,Weekday-Shopper
14882,0,0,High-Support,0,Focused-Buyer,1,Weekend-Shopper
15017,0,1,Low-Support,0,Focused-Buyer,1,Weekend-Shopper
12882,0,1,Low-Support,0,Focused-Buyer,0,Weekday-Shopper
17387,0,1,Low-Support,0,Focused-Buyer,1,Weekend-Shopper
13727,0,1,Low-Support,0,Focused-Buyer,1,Weekend-Shopper
13532,0,1,Low-Support,1,Broad-Explorer,1,Weekend-Shopper
16445,0,0,High-Support,1,Broad-Explorer,1,Weekend-Shopper
15156,0,0,High-Support,0,Focused-Buyer,0,Weekday-Shopper
16372,0,1,Low-Support,1,Broad-Explorer,1,Weekend-Shopper
17608,0,1,Low-Support,0,Focused-Buyer,1,Weekend-Shopper
12638,0,0,High-Support,0,Focused-Buyer,1,Weekend-Shopper
14174,0,0,High-Support,0,Focused-Buyer,1,Weekend-Shopper
14039,0,0,High-Support,0,Focused-Buyer,1,Weekend-Shopper
13040,0,1,Low-Support,0,Focused-Buyer,0,Weekday-Shopper
15883,0,1,Low-Support,0,Focused-Buyer,0,Weekday-Shopper
14664,0,0,High-Support,1,Broad-Explorer,1,Weekend-Shopper
15526,0,0,High-Support,0,Focused-Buyer,1,Weekend-Shopper
17831,0,1,Low-Support,0,Focused-Buyer,1,Weekend-Shopper
15025,0,1,Low-Support,1,Broad-Explorer,1,Weekend-Shopper
12357,0,0,High-Support,1,Broad-Explorer,1,Weekend-Shopper
17761,0,1,Low-Support,0,Focused-Buyer,0,Weekday-Shopper
15870,0,1,Low-Support,1,Broad-Explorer,0,Weekday-Shopper
14080,0,1,Low-Support,0,Focused-Buyer,0,Weekday-Shopper
17623,0,1,Low-Support,0,Focused-Buyer,0,Weekday-Shopper
13673,0,1,Low-Support,0,Focused-Buyer,0,Weekday-Shopper
14073,0,1,Low-Support,0,Focused-Buyer,0,Weekday-Shopper
16070,0,1,Low-Support,0,Focused-Buyer,0,Weekday-Shopper
13066,0,1,Low-Support,0,Focused-Buyer,0,Weekday-Shopper
14929,0,1,Low-Support,0,Focused-Buyer,0,Weekday-Shopper
13710,0,1,Low-Support,0,Focused-Buyer,0,Weekday-Shopper
16732,0,1,Low-Support,0,Focused-Buyer,0,Weekday-Shopper
14140,0,1,Low-Support,0,Focused-Buyer,0,Weekday-Shopper
17219,0,1,Low-Support,0,Focused-Buyer,0,Weekday-Shopper
16505,0,1,Low-Support,0,Focused-Buyer,0,Weekday-Shopper
15957,0,1,Low-Support,0,Focused-Buyer,0,Weekday-Shopper
18123,0,0,High-Support,0,Focused-Buyer,0,Weekday-Shopper
15043,0,1,Low-Support,0,Focused-Buyer,0,Weekday-Shopper
17313,0,1,Low-Support,0,Focused-Buyer,0,Weekday-Shopper
18216,0,1,Low-Support,0,Focused-Buyer,0,Weekday-Shopper
17022,0,0,High-Support,0,Focused-Buyer,0,Weekday-Shopper
15153,0,1,Low-Support,0,Focused-Buyer,0,Weekday-Shopper
16759,0,0,High-Support,0,Focused-Buyer,0,Weekday-Shopper
16751,0,1,Low-Support,0,Focused-Buyer,0,Weekday-Shopper
12893,0,1,Low-Support,0,Focused-Buyer,0,Weekday-Shopper
14836,0,1,Low-Support,0,Focused-Buyer,0,Weekday-Shopper
17011,0,1,Low-Support,0,Focused-Buyer,0,Weekday-Shopper
12532,0,0,High-Support,0,Focused-Buyer,0,Weekday-Shopper
17038,0,1,Low-Support,0,Focused-Buyer,0,Weekday-Shopper
14968,0,1,Low-Support,0,Focused-Buyer,0,Weekday-Shopper
12504,0,3,High-Returner,0,Focused-Buyer,0,Weekday-Shopper
16516,0,1,Low-Support,0,Focused-Buyer,0,Weekday-Shopper
13522,0,0,High-Support,0,Focused-Buyer,0,Weekday-Shopper
15986,0,0,High-Support,0,Focused-Buyer,0,Weekday-Shopper
13992,0,0,High-Support,0,Focused-Buyer,0,Weekday-Shopper
14354,0,0,High-Support,0,Focused-Buyer,0,Weekday-Shopper
16986,0,0,High-Support,0,Focused-Buyer,0,Weekday-Shopper
16953,0,1,Low-Support,0,Focused-Buyer,0,Weekday-Shopper
18274,0,3,High-Returner,0,Focused-Buyer,0,Weekday-Shopper
15450,0,1,Low-Support,0,Focused-Buyer,0,Weekday-Shopper
15531,0,1,Low-Support,1,Broad-Explorer,0,Weekday-Shopper
17500,0,1,Low-Support,0,Focused-Buyer,0,Weekday-Shopper
17197,0,1,Low-Support,0,Focused-Buyer,0,Weekday-Shopper
16025,0,1,Low-Support,0,Focused-Buyer,0,Weekday-Shopper
12659,0,1,Low-Support,0,Focused-Buyer,0,Weekday-Shopper
17461,0,0,High-Support,1,Broad-Explorer,0,Weekday-Shopper
17791,0,1,Low-Support,0,Focused-Buyer,0,Weekday-Shopper
15463,0,0,High-Support,0,Focused-Buyer,0,Weekday-Shopper
17977,0,0,High-Support,0,Focused-Buyer,0,Weekday-Shopper
12617,0,1,Low-Support,0,Focused-Buyer,0,Weekday-Shopper
14863,0,1,Low-Support,0,Focused-Buyer,0,Weekday-Shopper
16903,0,1,Low-Support,0,Focused-Buyer,0,Weekday-Shopper
12508,0,1,Low-Support,0,Focused-Buyer,0,Weekday-Shopper
17502,0,1,Low-Support,0,Focused-Buyer,0,Weekday-Shopper
12538,0,0,High-Support,0,Focused-Buyer,0,Weekday-Shopper
17901,0,1,Low-Support,0,Focused-Buyer,0,Weekday-Shopper
14789,0,1,Low-Support,0,Focused-Buyer,0,Weekday-Shopper
18209,0,1,Low-Support,0,Focused-Buyer,0,Weekday-Shopper
12985,0,0,High-Support,0,Focused-Buyer,0,Weekday-Shopper
15557,0,1,Low-Support,0,Focused-Buyer,0,Weekday-Shopper
16433,0,1,Low-Support,0,Focused-Buyer,0,Weekday-Shopper
15692,0,0,High-Support,0,Focused-Buyer,0,Weekday-Shopper
17052,0,1,Low-Support,1,Broad-Explorer,0,Weekday-Shopper
16368,0,1,Low-Support,0,Focused-Buyer,0,Weekday-Shopper
18014,0,1,Low-Support,0,Focused-Buyer,0,Weekday-Shopper
13732,0,1,Low-Support,0,Focused-Buyer,0,Weekday-Shopper
13091,0,1,Low-Support,0,Focused-Buyer,0,Weekday-Shopper
14661,0,1,Low-Support,0,Focused-Buyer,1,Weekend-Shopper
13170,0,1,Low-Support,0,Focused-Buyer,1,Weekend-Shopper
15654,0,0,High-Support,0,Focused-Buyer,0,Weekday-Shopper
13146,0,1,Low-Support,0,Focused-Buyer,1,Weekend-Shopper
14788,0,1,Low-Support,0,Focused-Buyer,1,Weekend-Shopper
13603,0,1,Low-Support,0,Focused-Buyer,1,Weekend-Shopper
14382,0,1,Low-Support,1,Broad-Explorer,1,Weekend-Shopper
16720,0,0,High-Support,0,Focused-Buyer,1,Weekend-Shopper
14904,0,0,High-Support,0,Focused-Buyer,0,Weekday-Shopper
14494,0,0,High-Support,0,Focused-Buyer,0,Weekday-Shopper
14902,0,1,Low-Support,0,Focused-Buyer,0,Weekday-Shopper
16936,0,0,High-Support,1,Broad-Explorer,0,Weekday-Shopper
12938,0,1,Low-Support,0,Focused-Buyer,0,Weekday-Shopper
15168,0,1,Low-Support,0,Focused-Buyer,0,Weekday-Shopper
17538,0,0,High-Support,0,Focused-Buyer,0,Weekday-Shopper
18082,0,1,Low-Support,1,Broad-Explorer,0,Weekday-Shopper
18117,0,1,Low-Support,1,Broad-Explorer,0,Weekday-Shopper
15458,0,1,Low-Support,0,Focused-Buyer,0,Weekday-Shopper
17566,0,0,High-Support,1,Broad-Explorer,0,Weekday-Shopper
16207,0,1,Low-Support,0,Focused-Buyer,0,Weekday-Shopper
12762,0,1,Low-Support,0,Focused-Buyer,0,Weekday-Shopper
17793,0,0,High-Support,0,Focused-Buyer,0,Weekday-Shopper
14953,0,1,Low-Support,1,Broad-Explorer,0,Weekday-Shopper
16504,0,0,High-Support,1,Broad-Explorer,0,Weekday-Shopper
12374,0,1,Low-Support,0,Focused-Buyer,0,Weekday-Shopper
15009,0,1,Low-Support,1,Broad-Explorer,1,Weekend-Shopper
16423,0,1,Low-Support,0,Focused-Buyer,0,Weekday-Shopper
15419,0,1,Low-Support,0,Focused-Buyer,0,Weekday-Shopper
17510,0,0,High-Support,0,Focused-Buyer,0,Weekday-Shopper
15758,0,1,Low-Support,0,Focused-Buyer,0,Weekday-Shopper
15524,0,1,Low-Support,0,Focused-Buyer,0,Weekday-Shopper
14725,0,1,Low-Support,0,Focused-Buyer,0,Weekday-Shopper
14666,0,0,High-Support,0,Focused-Buyer,0,Weekday-Shopper
14714,0,0,High-Support,0,Focused-Buyer,0,Weekday-Shopper
17153,0,1,Low-Support,0,Focused-Buyer,0,Weekday-Shopper
12950,0,1,Low-Support,0,Focused-Buyer,0,Weekday-Shopper
15720,0,1,Low-Support,1,Broad-Explorer,0,Weekday-Shopper
18181,0,1,Low-Support,0,Focused-Buyer,0,Weekday-Shopper
15556,0,0,High-Support,0,Focused-Buyer,0,Weekday-Shopper
17357,0,1,Low-Support,0,Focused-Buyer,0,Weekday-Shopper
12890,0,0,High-Support,1,Broad-Explorer,0,Weekday-Shopper
13449,0,1,Low-Support,0,Focused-Buyer,0,Weekday-Shopper
15269,0,1,Low-Support,0,Focused-Buyer,0,Weekday-Shopper
14385,0,1,Low-Support,0,Focused-Buyer,0,Weekday-Shopper
15900,0,1,Low-Support,0,Focused-Buyer,0,Weekday-Shopper
17680,0,0,High-Support,0,Focused-Buyer,0,Weekday-Shopper
13926,0,0,High-Support,0,Focused-Buyer,0,Weekday-Shopper
16204,0,0,High-Support,0,Focused-Buyer,0,Weekday-Shopper
17896,0,0,High-Support,0,Focused-Buyer,0,Weekday-Shopper
17835,0,1,Low-Support,0,Focused-Buyer,0,Weekday-Shopper
15432,0,0,High-Support,0,Focused-Buyer,0,Weekday-Shopper
18006,0,0,High-Support,0,Focused-Buyer,0,Weekday-Shopper
15657,0,1,Low-Support,0,Focused-Buyer,0,Weekday-Shopper
17237,0,0,High-Support,0,Focused-Buyer,0,Weekday-Shopper
13160,0,1,Low-Support,0,Focused-Buyer,0,Weekday-Shopper
12847,0,0,High-Support,1,Broad-Explorer,0,Weekday-Shopper
17397,0,1,Low-Support,1,Broad-Explorer,0,Weekday-Shopper
17985,0,1,Low-Support,0,Focused-Buyer,0,Weekday-Shopper
14362,0,1,Low-Support,0,Focused-Buyer,0,Weekday-Shopper
13828,0,1,Low-Support,0,Focused-Buyer,0,Weekday-Shopper
15435,0,1,Low-Support,0,Focused-Buyer,0,Weekday-Shopper
12445,0,0,High-Support,0,Focused-Buyer,0,Weekday-Shopper
12603,0,0,High-Support,0,Focused-Buyer,0,Weekday-Shopper
14641,0,0,High-Support,0,Focused-Buyer,0,Weekday-Shopper
12618,0,1,Low-Support,0,Focused-Buyer,0,Weekday-Shopper
15621,0,0,High-Support,0,Focused-Buyer,0,Weekday-Shopper
12391,0,0,High-Support,1,Broad-Explorer,0,Weekday-Shopper
18034,0,1,Low-Support,1,Broad-Explorer,0,Weekday-Shopper
17286,0,0,High-Support,0,Focused-Buyer,0,Weekday-Shopper
17904,0,1,Low-Support,0,Focused-Buyer,0,Weekday-Shopper
17301,0,1,Low-Support,1,Broad-Explorer,0,Weekday-Shopper
15368,0,1,Low-Support,0,Focused-Buyer,0,Weekday-Shopper
14793,0,0,High-Support,0,Focused-Buyer,0,Weekday-Shopper
17650,0,1,Low-Support,0,Focused-Buyer,0,Weekday-Shopper
12702,0,1,Low-Support,0,Focused-Buyer,1,Weekend-Shopper
14881,0,1,Low-Support,0,Focused-Buyer,1,Weekend-Shopper
16784,0,0,High-Support,0,Focused-Buyer,1,Weekend-Shopper
14052,0,1,Low-Support,1,Broad-Explorer,1,Weekend-Shopper
18110,0,0,High-Support,0,Focused-Buyer,1,Weekend-Shopper
17561,0,1,Low-Support,0,Focused-Buyer,1,Weekend-Shopper
15988,0,1,Low-Support,0,Focused-Buyer,1,Weekend-Shopper
17523,0,1,Low-Support,0,Focused-Buyer,1,Weekend-Shopper
14950,0,1,Low-Support,0,Focused-Buyer,1,Weekend-Shopper
16666,0,1,Low-Support,0,Focused-Buyer,1,Weekend-Shopper
14860,0,1,Low-Support,0,Focused-Buyer,1,Weekend-Shopper
17636,0,0,High-Support,0,Focused-Buyer,1,Weekend-Shopper
13832,0,3,High-Returner,0,Focused-Buyer,1,Weekend-Shopper
13142,0,1,Low-Support,0,Focused-Buyer,1,Weekend-Shopper
16366,0,0,High-Support,0,Focused-Buyer,0,Weekday-Shopper
14300,0,1,Low-Support,0,Focused-Buyer,0,Weekday-Shopper
12349,0,1,Low-Support,1,Broad-Explorer,0,Weekday-Shopper
12658,0,1,Low-Support,0,Focused-Buyer,0,Weekday-Shopper
12795,0,0,High-Support,0,Focused-Buyer,0,Weekday-Shopper
15567,0,1,Low-Support,0,Focused-Buyer,0,Weekday-Shopper
15645,0,1,Low-Support,0,Focused-Buyer,0,Weekday-Shopper
16406,0,1,Low-Support,1,Broad-Explorer,0,Weekday-Shopper
15857,0,1,Low-Support,0,Focused-Buyer,0,Weekday-Shopper
12984,0,1,Low-Support,0,Focused-Buyer,0,Weekday-Shopper
17253,0,1,Low-Support,0,Focused-Buyer,0,Weekday-Shopper
13739,0,1,Low-Support,0,Focused-Buyer,0,Weekday-Shopper
18139,0,1,Low-Support,0,Focused-Buyer,0,Weekday-Shopper
15274,0,0,High-Support,0,Focused-Buyer,0,Weekday-Shopper
17010,0,1,Low-Support,0,Focused-Buyer,0,Weekday-Shopper
15115,0,1,Low-Support,0,Focused-Buyer,0,Weekday-Shopper
17100,0,1,Low-Support,0,Focused-Buyer,0,Weekday-Shopper
15699,0,0,High-Support,0,Focused-Buyer,0,Weekday-Shopper
13403,0,1,Low-Support,0,Focused-Buyer,0,Weekday-Shopper
16956,0,1,Low-Support,0,Focused-Buyer,0,Weekday-Shopper
17600,0,1,Low-Support,0,Focused-Buyer,0,Weekday-Shopper
15877,0,1,Low-Support,1,Broad-Explorer,0,Weekday-Shopper
14424,0,1,Low-Support,0,Focused-Buyer,0,Weekday-Shopper
13322,0,1,Low-Support,0,Focused-Buyer,0,Weekday-Shopper
17297,0,1,Low-Support,0,Focused-Buyer,0,Weekday-Shopper
13986,0,0,High-Support,0,Focused-Buyer,0,Weekday-Shopper
12920,0,1,Low-Support,0,Focused-Buyer,0,Weekday-Shopper
18249,0,0,High-Support,0,Focused-Buyer,0,Weekday-Shopper
15634,0,1,Low-Support,0,Focused-Buyer,0,Weekday-Shopper
16376,0,1,Low-Support,1,Broad-Explorer,0,Weekday-Shopper
16811,0,1,Low-Support,0,Focused-Buyer,0,Weekday-Shopper
12452,0,0,High-Support,0,Focused-Buyer,0,Weekday-Shopper
14581,0,1,Low-Support,0,Focused-Buyer,0,Weekday-Shopper
14675,0,1,Low-Support,1,Broad-Explorer,0,Weekday-Shopper
17290,0,0,High-Support,1,Broad-Explorer,0,Weekday-Shopper
16343,0,1,Low-Support,0,Focused-Buyer,0,Weekday-Shopper
13638,0,0,High-Support,0,Focused-Buyer,0,Weekday-Shopper
16482,0,1,Low-Support,0,Focused-Buyer,0,Weekday-Shopper
12784,0,1,Low-Support,0,Focused-Buyer,0,Weekday-Shopper
17458,0,1,Low-Support,1,Broad-Explorer,0,Weekday-Shopper
14785,0,1,Low-Support,0,Focused-Buyer,0,Weekday-Shopper
17254,0,1,Low-Support,1,Broad-Explorer,0,Weekday-Shopper
17767,0,1,Low-Support,0,Focused-Buyer,0,Weekday-Shopper
15725,0,1,Low-Support,0,Focused-Buyer,0,Weekday-Shopper
17247,0,0,High-Support,1,Broad-Explorer,0,Weekday-Shopper
18184,0,0,High-Support,0,Focused-Buyer,0,Weekday-Shopper
15428,0,0,High-Support,0,Focused-Buyer,0,Weekday-Shopper
17727,0,1,Low-Support,0,Focused-Buyer,0,Weekday-Shopper
14756,0,0,High-Support,0,Focused-Buyer,0,Weekday-Shopper
16856,0,1,Low-Support,0,Focused-Buyer,0,Weekday-Shopper
14703,0,1,Low-Support,0,Focused-Buyer,0,Weekday-Shopper
17385,0,0,High-Support,0,Focused-Buyer,0,Weekday-Shopper
12531,0,0,High-Support,0,Focused-Buyer,0,Weekday-Shopper
15872,0,0,High-Support,1,Broad-Explorer,0,Weekday-Shopper
14966,0,0,High-Support,0,Focused-Buyer,0,Weekday-Shopper
17232,0,0,High-Support,0,Focused-Buyer,0,Weekday-Shopper
17468,0,1,Low-Support,0,Focused-Buyer,0,Weekday-Shopper
13332,0,1,Low-Support,0,Focused-Buyer,0,Weekday-Shopper
14946,0,0,High-Support,0,Focused-Buyer,0,Weekday-Shopper
13256,0,1,Low-Support,0,Focused-Buyer,0,Weekday-Shopper
13596,0,1,Low-Support,1,Broad-Explorer,1,Weekend-Shopper
16024,0,1,Low-Support,1,Broad-Explorer,1,Weekend-Shopper
14954,0,1,Low-Support,1,Broad-Explorer,1,Weekend-Shopper
17885,0,0,High-Support,0,Focused-Buyer,1,Weekend-Shopper
14093,0,1,Low-Support,1,Broad-Explorer,1,Weekend-Shopper
14893,0,0,High-Support,0,Focused-Buyer,0,Weekday-Shopper
15721,0,1,Low-Support,1,Broad-Explorer,0,Weekday-Shopper
17852,0,1,Low-Support,0,Focused-Buyer,0,Weekday-Shopper
13844,0,1,Low-Support,0,Focused-Buyer,0,Weekday-Shopper
12479,0,1,Low-Support,0,Focused-Buyer,0,Weekday-Shopper
12660,0,0,High-Support,0,Focused-Buyer,0,Weekday-Shopper
15540,0,1,Low-Support,0,Focused-Buyer,0,Weekday-Shopper
17379,0,1,Low-Support,1,Broad-Explorer,0,Weekday-Shopper
16800,0,1,Low-Support,1,Broad-Explorer,0,Weekday-Shopper
17806,0,1,Low-Support,0,Focused-Buyer,0,Weekday-Shopper
17359,0,1,Low-Support,0,Focused-Buyer,0,Weekday-Shopper
13188,0,0,High-Support,0,Focused-Buyer,0,Weekday-Shopper
14480,0,1,Low-Support,0,Focused-Buyer,0,Weekday-Shopper
13349,0,1,Low-Support,0,Focused-Buyer,0,Weekday-Shopper
15619,0,1,Low-Support,0,Focused-Buyer,0,Weekday-Shopper
15148,0,1,Low-Support,0,Focused-Buyer,0,Weekday-Shopper
14601,0,1,Low-Support,0,Focused-Buyer,0,Weekday-Shopper
15783,0,0,High-Support,0,Focused-Buyer,0,Weekday-Shopper
17772,0,1,Low-Support,0,Focused-Buyer,0,Weekday-Shopper
14126,0,1,Low-Support,0,Focused-Buyer,0,Weekday-Shopper
16479,0,1,Low-Support,0,Focused-Buyer,0,Weekday-Shopper
13428,0,1,Low-Support,1,Broad-Explorer,0,Weekday-Shopper
15790,0,1,Low-Support,0,Focused-Buyer,0,Weekday-Shopper
13521,0,1,Low-Support,1,Broad-Explorer,0,Weekday-Shopper
14349,0,1,Low-Support,0,Focused-Buyer,0,Weekday-Shopper
18058,0,0,High-Support,0,Focused-Buyer,0,Weekday-Shopper
12953,0,0,High-Support,0,Focused-Buyer,0,Weekday-Shopper
12966,0,0,High-Support,0,Focused-Buyer,0,Weekday-Shopper
15060,0,1,Low-Support,0,Focused-Buyer,0,Weekday-Shopper
17911,0,1,Low-Support,0,Focused-Buyer,0,Weekday-Shopper
14804,0,0,High-Support,0,Focused-Buyer,0,Weekday-Shopper
15904,0,1,Low-Support,0,Focused-Buyer,0,Weekday-Shopper
16789,0,0,High-Support,0,Focused-Buyer,0,Weekday-Shopper
12558,0,3,High-Returner,0,Focused-Buyer,0,Weekday-Shopper
17942,0,1,Low-Support,0,Focused-Buyer,0,Weekday-Shopper
12587,0,1,Low-Support,0,Focused-Buyer,0,Weekday-Shopper
13560,0,0,High-Support,0,Focused-Buyer,0,Weekday-Shopper
15539,0,1,Low-Support,0,Focused-Buyer,0,Weekday-Shopper
13017,0,1,Low-Support,0,Focused-Buyer,0,Weekday-Shopper
18174,0,1,Low-Support,0,Focused-Buyer,0,Weekday-Shopper
13153,0,0,High-Support,0,Focused-Buyer,1,Weekend-Shopper
15773,0,1,Low-Support,0,Focused-Buyer,1,Weekend-Shopper
17936,0,0,High-Support,1,Broad-Explorer,1,Weekend-Shopper
16535,0,0,High-Support,0,Focused-Buyer,1,Weekend-Shopper
16988,0,0,High-Support,0,Focused-Buyer,1,Weekend-Shopper
15097,0,1,Low-Support,0,Focused-Buyer,0,Weekday-Shopper
18015,0,0,High-Support,0,Focused-Buyer,0,Weekday-Shopper
16597,0,0,High-Support,0,Focused-Buyer,0,Weekday-Shopper
13790,0,1,Low-Support,0,Focused-Buyer,0,Weekday-Shopper
14219,0,1,Low-Support,0,Focused-Buyer,0,Weekday-Shopper
12367,0,0,High-Support,0,Focused-Buyer,0,Weekday-Shopper
17383,0,1,Low-Support,0,Focused-Buyer,0,Weekday-Shopper
12478,0,1,Low-Support,0,Focused-Buyer,0,Weekday-Shopper
15992,0,1,Low-Support,0,Focused-Buyer,0,Weekday-Shopper
15318,0,0,High-Support,0,Focused-Buyer,0,Weekday-Shopper
17914,0,1,Low-Support,1,Broad-Explorer,0,Weekday-Shopper
16528,0,0,High-Support,0,Focused-Buyer,0,Weekday-Shopper
12442,0,1,Low-Support,0,Focused-Buyer,0,Weekday-Shopper
16569,0,1,Low-Support,0,Focused-Buyer,0,Weekday-Shopper
12650,0,0,High-Support,0,Focused-Buyer,0,Weekday-Shopper
14578,0,1,Low-Support,0,Focused-Buyer,0,Weekday-Shopper
16000,0,0,High-Support,0,Focused-Buyer,0,Weekday-Shopper
15195,0,0,High-Support,0,Focused-Buyer,0,Weekday-Shopper
14087,0,1,Low-Support,0,Focused-Buyer,0,Weekday-Shopper
14204,0,0,High-Support,0,Focused-Buyer,0,Weekday-Shopper
15471,0,1,Low-Support,1,Broad-Explorer,0,Weekday-Shopper
13436,0,1,Low-Support,0,Focused-Buyer,0,Weekday-Shopper
15520,0,0,High-Support,0,Focused-Buyer,0,Weekday-Shopper
13298,0,1,Low-Support,0,Focused-Buyer,0,Weekday-Shopper
14569,0,0,High-Support,0,Focused-Buyer,0,Weekday-Shopper
12713,0,1,Low-Support,0,Focused-Buyer,0,Weekday-Shopper
